feature 1,feature 2,feature 3,feature 4,feature 5,feature 6,feature 7,feature 8,feature 9,feature 10,target
fix_Time_mean,fix_Time_sd,progfix_Time_mean,regfix_Time_mean,fix_BXstd_mean,sac_BXdst_sd,sweep_BXdst_mean,sweep_BXdst_sd,fixToWordRatio,pNoiseDur,WCPM
311.869,173.6547,316.1944,285.9167,0.19,0.8591,9.585,2.6666,1.1667,0.0118,169.86
554.6788,489.7481,597.9429,478.9667,0.189,0.8824,13.1505,7.9595,2.6613,0.0375,36.17
248.1154,214.1027,215.7094,345.3333,0.3949,0.9629,5.3914,4.9921,2.5161,0.2354,72.15
333.4583,270.6688,353.9643,261.6875,0.2449,0.8419,8.4383,3.6587,1.9459,0.0679,88.1
195.7159,124.9656,202.8906,176.5833,0.3316,1.1677,8.2133,4.1155,1.4915,0.1438,180.47
340.3485,196.4163,342.8438,333.6944,0.1987,0.9024,10.5654,2.5404,1.8333,0.0209,93.16
351.8933,228.1714,363.9048,288.8333,0.2112,0.9973,8.9171,5.4849,1.2097,0.0097,140.23
306.3784,142.144,308.0727,301.4737,0.203,1.1201,7.368,2.7547,1.2542,0.0091,149.16
540.6538,255.7284,523.7222,578.75,0.2458,0.55,7.29,0,1.3684,0.0144,82.1
708.7947,837.691,766.0762,578.0435,0.2118,1.2061,12.0514,9.583,4.0811,0.0182,7.79
477.25,356.6688,485.338,433.0769,0.2062,0.7464,10.6562,1.5193,1.1831,0,102.42
424.0833,300.0668,431.2836,395.7059,0.2023,0.6771,7.4536,3.3383,1.4237,0.0674,84.53
306.1212,146.9175,313,222.2,0.2142,0.7631,11.712,2.9381,0.8684,0.0196,215.655
247.3151,118.7071,246.0156,256.5556,0.2144,0.7892,9.3478,3.5564,1.1774,0.0487,196.22
556.521,654.1009,525.6413,661.7407,0.2366,0.8067,8.5715,3.886,1.9194,0.0087,50.68
388.2,387.5365,406.9487,266.3333,0.2053,1.5159,8.6122,1.704,0.7258,0.0124,175.79
301.3867,154.3522,303.1111,292.3333,0.1825,0.6629,9.14,3.8414,1.2097,0.0064,169.9
411.0737,280.6556,430.9773,365.7759,0.2353,0.9087,8.8336,4.2524,2.6389,0.0355,45.38
326.9197,211.9856,319.4894,343.1628,0.2442,1.4847,10.1917,2.0056,1.9296,0.0488,90.37
657.6744,614.7399,675.4333,616.6923,0.1988,0.8395,6.4367,1.4171,2.2632,0.0755,43.29
390.0274,290.1939,358.7742,566.1818,0.1895,0.7349,8.9183,3.1234,1.973,0.0639,71.4
275.7013,142.1842,276.0156,274.1538,0.2122,0.9814,10.53,2.1753,1.0694,0.0905,198.07
629.4898,516.1222,705.5143,439.4286,0.2339,1.0458,5.4763,3.5768,2.371,0.0116,36.47
430.5976,328.7341,441.3304,407.7407,0.3086,0.6686,10.2892,9.1256,4.3333,0.0744,20.99
1014.6237,1022.7943,1026.68,992.7826,0.2295,0.9306,10.4723,5.5309,5.2432,0.0492,5.69
349.95,180.882,353.8049,332.3889,0.2306,0.9562,8.4367,3.2024,1.6129,0.0146,109.835
303.505,165.2026,322,247.28,0.2861,0.9541,9.2857,1.3522,1.4225,0.0021,137.11
314.4091,138.0508,321.3684,270.3333,0.2164,0.5087,8.0013,3.1462,1.1186,0,168.47
179.8462,113.4952,199.9268,105,0.2712,0.961,7.84,3.3944,1.4054,0.2434,174.47
275.2716,155.711,274.1111,277.5926,0.2069,1.4943,8.6933,2.5242,1.3729,0.0123,148.34
329.0465,187.0381,343.4928,270.4118,0.2927,0.861,8.2808,2.7374,1.1944,0.022,153.4
265.0588,114.6835,268.9718,245.2143,0.2361,0.7709,9.3278,2.1829,1.1972,0.0349,186.76
313.25,151.7406,317.2658,300.56,0.2125,0.9208,9.3544,2.7026,1.6774,0.0231,115.82
291.3423,191.9466,285.3194,302.4615,0.3121,1.0842,8.1823,1.9956,1.5417,0.0666,115.77
293.9381,134.8445,312.6712,236.9583,0.2887,0.6939,9.2963,2.7274,1.3472,0.0102,152.9
339.4808,157.8914,351.3976,292.381,0.2217,1.0996,10.9289,1.7178,1.4648,0.0109,116.47
301.881,176.0384,281.8209,380.9412,0.1971,0.7392,9.6867,2.7476,1.1667,0.0057,162.32
407.2,228.0996,404.918,417.1429,0.2125,0.8504,8.4358,2.1639,1.2712,0,118.95
478.5175,484.3482,464.0909,510.9773,0.2391,0.8575,7.9313,2.8087,3.8649,0.0171,31.775
271.9371,152.9006,281.9237,243.1951,0.2506,1.0213,14.8056,4.9016,1.7667,0.0268,117.23
532.9643,561.3419,467.6567,790.3529,0.213,0.7452,9.8229,8.2583,2.2703,0.0572,46.19
354.6075,229.3095,333.6494,408.4,0.2064,0.6825,8.296,2.6424,1.7258,0.0901,106.01
327.2286,153.0902,318.4237,374.4545,0.2369,0.6202,9.3042,2.354,1.1864,0.0373,151.075
373.6034,226.3218,378.8085,351.3636,0.2043,0.9946,8.9162,1.847,1.4872,0.0125,110.27
1169.9706,1135.6968,1320.25,809.3,0.2012,0.9261,12.56,7.7357,1.7,0.0176,27.05
332.3333,141.0413,342.1875,295.2353,0.2238,0.9421,7.6018,3.1136,1.3065,0,125.19
292.8608,132.2353,286.9394,322.9231,0.213,0.9993,13.0033,2.6172,0.8778,0.0337,229.87
329.0109,169.2122,327.7922,335.2667,0.2366,0.3723,6.59,2.4815,1.4839,0.0528,119.65
564.9582,498.9023,569.5152,554.7973,0.2261,0.7434,7.6971,4.2749,3.8548,0.0411,23.85
189.9495,104.0609,189.7808,190.4231,0.2518,1.5021,10.3527,6.7325,1.1,0.1701,219.33
69.2222,23.3387,70.875,56,0.1978,0.4441,3.15,0,0.2432,0.9588,99.54
354.6923,212.2761,345.1395,400.3333,0.2076,0.9846,10.732,1.8577,1.3684,0.0093,113.81
387.9604,284.2198,391.7353,380.1818,0.2696,0.9821,8.0288,3.2972,1.629,0.047,63.345
275.6907,179.8151,280.8857,262.2222,0.32,1.0892,9.8569,3.4531,1.3662,0.0142,148.15
334.4343,203.6834,324.4568,379.3333,0.2142,0.8688,9.1729,3.9832,1.375,0.0128,128.93
332.2754,171.662,344.8077,293.9412,0.2161,0.8625,8.7975,0.8095,1.1129,0,160.455
270.8276,112.52,278.5323,251.72,0.2368,1.1142,8.0192,2.0148,1.4032,0.0524,189.94
254.9747,118.9263,260.5397,233.0625,0.2286,0.9034,9.1585,2.9776,1.2742,0.0081,176.3
312.0588,147.0938,318.4265,286.5882,0.1961,0.7148,9.57,1.3793,1.1806,0,157.66
352.1538,218.7309,372.023,294.5333,0.2535,0.7607,10.846,2.3506,1.6479,0.0093,99.93
231.1444,124.8566,235.6032,220.7407,0.2604,1.1242,6.5656,3.6265,1.5254,0.029,164.22
279.25,184.3828,269.7986,308.4444,0.2395,1.1516,16.4376,2.741,2.0444,0.0521,91.75
329.1857,164.7522,323.1132,348.1176,0.2459,1.035,8.7411,2.6227,0.9722,0.0308,179.03
499.9804,351.0235,512.9318,418.5714,0.2167,0.6901,6.055,2.5384,1.3784,0.1432,67.95
325.1727,150.1528,312.3371,379.5714,0.1926,0.5081,11.4533,1.4689,1.5278,0.0032,121.13
365.863,193.8267,376.2,281.875,0.1977,0.6322,8.3723,3.6101,1.1774,0.0117,137.12
416.8559,291.4314,465.3708,267.9655,0.2201,1.1315,6.8712,5.0623,2,0.0305,64.1
470.5214,306.9723,485.4608,430.4211,0.1777,0.8579,9.2017,3.5774,2.2581,0.017,53.67
446.3452,285.6054,472.4762,367.9524,0.2312,0.5344,8.9933,2.0966,2.2703,0.0392,55.124
279.3253,154.7019,272.2597,370,0.1918,0.4078,9.7254,3.8819,1.3387,0.0768,148.51
257.3043,140.8672,259.443,244.3077,0.2064,0.8482,8.841,3.9061,1.2778,0.0192,180.75
443.3758,305.381,451.1727,427.7818,0.2135,0.894,11.4826,6.6767,4.125,0.0229,29.075
334.5309,183.4862,333.7077,337.875,0.1886,0.8213,8.7873,3.1487,1.3065,0.0249,137.96
274.2136,148.4176,277.4,267.4545,0.2211,0.862,9.2,3.862,1.6613,0.0764,114.09
348.2812,222.1343,336.2593,413.2,0.2228,0.7587,9.855,6.4802,1.7297,0.1005,90.38
453.4858,581.8938,449.1051,460.9286,0.3162,0.9228,6.1365,2.5567,8.5323,0.1058,6.54
632.4073,708.7527,630.282,637.2393,0.2185,0.7711,17.7729,10.0209,10.3514,0.1116,3.33
318.3908,186.6705,313.2568,347.6154,0.2123,1.0237,9.758,3.9131,1.2083,0.0306,149.375
278.7206,98.3855,275.6538,288.6875,0.2304,0.893,8.8938,2.7221,1.0968,0.0028,197.465
366.5546,223.6617,378,323.52,0.234,0.745,9.2408,2.7156,1.6761,0.0235,105.52
358.478,308.1949,338.0376,396.2361,0.2001,1.1589,11.8005,4.7876,2.2778,0.0112,61.46
265.5068,121.9334,278.6552,214.6667,0.2141,0.6947,6.9789,3.1017,1.1774,0.0242,186.83
232.3784,108.5142,238.5,206.1429,0.2015,0.9906,7.5375,3.9007,1.2542,0.0547,189.72
477.875,339.1969,438,641,0.2439,0.4599,10.3333,7.142,1.5135,0.0439,90.65
316.9846,159.706,338.9778,267.5,0.2162,0.7552,8.5543,0.9431,1.6667,0.017,116.19
429.9818,385.4199,430.3571,428.7692,0.2315,0.9346,9.18,4.2083,1.4865,0.0251,90.56
317.8125,156.3543,328.5362,250.5455,0.2289,0.5732,10.16,2.6252,1.1111,0.0147,160.265
280.439,117.0081,283.3226,271.5,0.2363,1.0344,8.2991,3.2128,1.1549,0.0116,183.465
329.1026,154.7081,321.0938,365.7143,0.2278,1.1371,10.8633,2.2754,1.0986,0.0101,173.24
373.7963,270.2812,356.18,594,0.2083,0.8192,7.7958,3.3128,1.4595,0.0574,105.665
383.8706,220.7754,383.5652,385.1875,0.2308,1.2398,8.0437,2.3593,2.1795,0.0029,75.3
288.283,130.1494,291.4,270.75,0.2032,1.0734,7.514,2.2072,0.8983,0,214.82
378.375,186.647,385.4321,353.5217,0.161,1.1501,13.0173,3.4821,1.4444,0.0142,104.185
445.032,324.25,427.9674,492.6061,0.1982,1.0526,9.888,4.1571,2.0161,0.0325,64.13
470.2051,351.0072,444.5714,535.4545,0.2413,0.5102,7.3986,2.2103,2.1081,0.0121,57.47
302.625,169.6972,295.5985,316.1831,0.2372,1.1384,12.5211,4.8359,2.3111,0.0673,77.585
302.5244,172.2526,307.5161,287.05,0.2265,0.7218,9.7662,1.3,1.3226,0.005,157.19
768.3858,646.7389,793.8105,692.9062,0.2352,1.0271,8.785,3.6,3.2564,0.0286,17.17
315.3077,190.5924,327.625,287.5938,0.2563,1.1099,8.3773,3.5558,1.4648,0.0217,127.81
210.6742,106.744,212.8533,199,0.2361,1.1045,12.9025,5.549,1.2535,0.0653,226.84
273.768,198.9905,298.15,230.4222,0.2256,1.1885,11.1089,4.1081,2.0161,0.0474,100.73
448.5176,285.863,462.2639,372.3846,0.2795,0.4159,8.7,1.2652,1.371,0.0042,95.785
392.3333,200.7199,409.3947,342.4615,0.2851,1.0825,10.8,3.5638,1.3077,0.0162,120.975
244.56,134.1595,241.7527,252.7188,0.3023,0.9011,12.2487,3.1037,1.3889,0.0187,169.17
282.4762,146.8909,283.1515,280,0.2961,0.9244,8.8827,2.4761,1.1831,0.0131,182.46
320.7612,227.9399,304.12,369.7059,0.2284,0.8037,11.2629,7.5596,1.7179,0.0669,104.86
267.8068,146.5887,261.8382,288.1,0.23,0.7992,9.7175,1.2417,1.2394,0.063,168.61
287.3009,178.0514,270.1099,358.4091,0.19,1.2262,14.4111,4.414,1.2556,0.0364,157.43
323.0541,179.7833,304.5238,347.375,0.2007,1.4668,6.126,2.2368,1.1935,0.0257,149.025
466.0798,342.0535,487.1382,401.325,0.221,0.6404,10.6613,3.1768,2.629,0.055,40.57
318.7647,165.9203,336.2549,266.2941,0.1909,1.3585,8.807,3.3969,1.1525,0.0192,159.45
304.5354,173.55,301.9759,317.8125,0.2286,0.6882,9.9114,1.0249,1.375,0.0163,136.62
339.8095,135.1971,340.8158,330.25,0.2068,0.4925,11.6025,0.9602,1.1667,0.0077,147.76
280.1765,212.0985,297.3019,251.8125,0.1862,0.7512,8.07,1.1056,2.1795,0.0434,93.19
416.0583,299.3088,393.6757,452.0652,0.2028,1.0923,7.3508,3.4055,3,0.0267,47.74
418.4714,311.7063,448.6182,307.9333,0.191,0.809,7.94,2.4884,1.75,0.0364,74.775
296.386,147.9701,299.8148,287.9697,0.2158,1.0185,8.6993,2.2065,1.5833,0.0244,119.97
318.7419,164.8711,303.902,387.5455,0.2029,0.5697,7.1963,3.3206,1.5897,0.0714,141.13
535.3214,332.4569,538.8421,527.8889,0.1896,1.0623,0,0,1.4737,0.0594,78.255
412.3571,221.7959,424.5139,339.4167,0.179,0.8693,10.2671,3.0273,1.1667,0.0036,118.73
533.0649,405.266,487.2,694.9412,0.2342,0.6902,10.5292,6.8867,2.0811,0.0798,65.47
343.2419,168.4994,341.06,352.3333,0.19,0.4115,7.985,1.0734,1.6757,0.0128,104.735
265.2796,130.9907,266.0132,262,0.2346,0.8902,9.514,4.1024,1.2917,0.0523,160.94
360.8609,239.511,345.398,389.4528,0.207,0.93,9.535,4.0185,2.4355,0.028,55.775
405.2698,245.1851,414.08,371.3846,0.2559,0.6826,8.197,2.2291,1.7027,0.0041,88.665
332.4382,170.6593,324,355.2917,0.178,1.1343,8.0973,2.4487,1.4355,0.0227,127.235
323.4353,194.49,332.5714,297.2727,0.2582,1.0406,9.8322,2.2824,1.371,0,129.51
237.7556,112.9405,242.0367,219.8077,0.2045,1.24,10.3107,5.5154,1.4674,0.0997,150.24
269.58,153.46,266.4861,277.5357,0.2227,0.9046,10.9933,2.9818,1.6949,0,122.84
393.5341,199.777,378.0769,514.1,0.2474,0.3184,6.795,3.8036,1.4194,0,113.165
272.5039,133.1764,260.9184,309.129,0.2216,0.6693,9.8382,2.5631,1.7917,0.0089,117.02
297.3692,141.9888,304.1509,267.4167,0.1982,1.3301,8.4978,3.2478,1.0484,0.0289,171.115
305.3488,174.6074,295.7308,320.0588,0.2109,0.7546,9.2525,4.5849,2.2632,0.0486,88.65
298.8,169.0694,268.7258,379.8696,0.2152,1.0368,7.9608,2.8294,1.371,0.0714,132.11
379.6222,374.8113,365.6667,435.4444,0.2143,0.8465,9.4444,4.149,1.5254,0,111.48
620.9618,521.1605,613.7581,648.0303,0.2024,0.5247,8.5633,3.5068,2.2113,0.0246,38.66
321.5542,235.6994,306.7429,401.3077,0.1825,1.2053,12.8264,4.0267,0.9222,0.0261,204.47
352.5479,215.9024,344.7377,392.25,0.2512,0.6437,8.9175,2.4732,1.2373,0,139.87
266.5,125.1255,260.7708,275.6667,0.1944,1.504,8.7167,2.8983,1.322,0.0367,161.09
325.2703,240.8007,325.463,324.75,0.2053,0.8218,12.0886,3.073,2,0.0941,85.71
261.2824,124.267,265.5735,244.1176,0.1795,1.1594,8.841,2.0302,1.371,0.0596,152.75
241.1927,129.4722,248.4045,209.1,0.2491,0.855,9.852,3.699,1.5139,0.0672,157.645
415.6849,455.7373,438.6545,379.125,0.2304,0.7336,9.3746,5.0805,8.4054,0.1508,8.4
453.8947,263.2079,481.3261,339.1818,0.207,1.1786,8.005,2.7967,1.5405,0.0625,72.43
299.2222,159.067,299.3514,298.625,0.2259,0.9771,9.94,2.0635,1.25,0.0253,151.98
447.8333,277.3902,498.5,401.7727,0.2774,0.7791,0,0,2.2105,0,55.495
257.1928,123.0101,261.791,237.9375,0.2228,1.1369,11.1207,3.0315,1.169,0.047,184.68
288.8103,143.6524,266.9756,341.4706,0.2172,1.2002,9.127,4.0956,1.4872,0.0436,149.21
272.8571,184.4583,295.2857,183.1429,0.2116,0.6242,8.2338,1.7207,1.7949,0.051,112.825
288.9891,149.935,292.8421,270.6875,0.2113,0.9413,10.8809,3.5223,1.2778,0.0039,163.57
425.0274,227.4208,413.1231,521.75,0.2121,0.2748,8.715,2.5155,1.1774,0.0038,124.12
261.176,139.0441,267.0485,233.6818,0.2006,1.3388,17.1523,7.166,1.3889,0.073,149.04
333.6094,228.516,353.9,299.7917,0.2094,1.211,4.7214,5.115,1.641,0.0846,99.195
356.2185,262.5954,326.4946,462.5385,0.205,0.6924,9.9774,2.9268,1.9194,0.0182,81.31
264.8043,91.7334,268.2561,236.5,0.2383,0.745,14.0545,3.6885,1.0222,0.0168,215.91
339.9857,256.8235,327.3846,376.3889,0.163,1.8071,7.1861,3.6464,1.129,0.0297,165.15
257.5631,124.9083,267.6716,238.75,0.1962,1.15,9.2382,2.0544,1.4507,0.0483,150.755
264.8152,120.285,254.4203,296,0.2313,0.9814,9.1409,1.0783,1.2778,0.0047,182.45
243.5059,116.3812,256.4915,214.0385,0.2074,1.2229,8.5022,3.1871,1.371,0.0949,192.275
323.5447,194.3266,317.2198,341.5312,0.2371,0.9022,9.5092,3.5266,2.0847,0.0893,81.8
212.1259,99.9377,203.5978,230.3721,0.3006,1.2752,11.3088,5.2673,1.5,0.1561,147.27
353.9429,225.2042,360.3667,315.4,0.2159,0.7146,6.9211,4.2939,1.1864,0.0576,132.07
534.7407,357.3777,509.5385,637.125,0.2311,0.3966,8.1864,1.4785,2.1892,0.0454,56.075
291.8788,138.9043,314.5116,249.5652,0.2521,1.4804,5.42,2.0568,1.7838,0,119.42
397.5962,215.6244,380,437.1875,0.3379,0.9569,6.4383,2.1382,1.4054,0.0593,104.68
294.2273,169.383,308.3636,265.9545,0.225,1.5611,7.7154,5.436,1.1186,0.0068,200
308.7576,174.0192,305.3194,317.9259,0.2126,0.9774,7.6209,3.2837,1.3944,0.0101,157.89
250.33,175.5855,261.5775,222.7931,0.347,0.7503,8.6643,3.7449,1.6129,0.0869,130.57
274.4773,155.0029,269.9242,288.1364,0.2366,0.7722,10.2713,4.0691,1.4194,0.0277,149.51
234.0204,116.9413,244.0141,207.7407,0.2465,1.1048,10.2933,2.8341,1.3803,0.0079,169.29
257.4943,125.657,247.0588,294.8421,0.2114,1.0737,8.8485,2.7116,1.4746,0.0214,146.22
399.2737,258.8625,406.9625,358.2667,0.2365,0.7681,9.9221,1.4511,1.5323,0.0162,96.125
435.16,412.1809,437.9204,426.7297,0.2606,0.8389,6.7364,3.6482,2.4194,0.1267,42.69
327.1954,204.6089,326.5714,329.7647,0.2054,0.7806,9.5891,2.1644,1.2083,0,148.28
260.9639,140.281,257.0303,276.2353,0.197,1.2659,9.3091,2.0743,1.169,0.0079,197.61
323.1472,253.7498,337.1608,286.037,0.2234,0.8144,10.7608,2.5726,3.1774,0.0636,52
365.3134,267.302,403.1731,234.0667,0.2124,0.7295,6.5767,1.4256,1.8108,0.0529,92.31
317.3469,187.5668,310.7436,343.1,0.2178,0.7451,9.5545,3.8103,1.5806,0.0286,125.48
363.4954,214.9249,369.8929,342,0.243,0.8141,10.9645,2.6007,1.4342,0.0244,107.35
472.1978,349.1329,511.8125,378.2963,0.2366,0.6279,7.4333,1.5918,2.3333,0.0079,56.72
296.7895,167.4485,295.3478,302.8182,0.2302,1.5574,9.3582,3.3334,0.8028,0.0543,241.63
343.32,162.3946,345.6032,331.3333,0.2291,1.1416,10.757,1.0416,1.0417,0,160.035
366.5349,261.654,382.7031,319.5,0.2201,0.8794,9.9022,2.8563,1.4576,0.0134,109.23
711.0641,714.8305,679.8136,808.1053,0.2441,0.7823,7.5667,0.7966,2,0.0265,37.13
667.2993,513.7907,700.125,608.3469,0.2321,0.7943,8.176,2.226,3.7027,0.008,18.15
354.3277,267.5006,337.5057,400.0625,0.2213,1.1132,9.7455,5.032,1.5658,0.0962,108.87
820.2679,711.9972,876.2346,674.0323,0.2183,0.8113,10.34,7.8081,3.027,0.0139,21.82
258.0517,126.7582,262.9175,233.2105,0.2016,0.8576,9.6658,2.8083,1.6111,0.0111,151.02
308.314,187.741,292.9552,362.4737,0.1666,1.2369,10.965,4.1593,1.1944,0.0336,158.4
333.7671,195.6076,354.2787,229.5,0.2012,0.6377,5.8809,2.7422,1.2373,0.0607,133.49
443.2555,480.2293,437.5644,459.2222,0.2002,0.6588,10.0467,2.3998,2.2097,0.058,54.94
428.0522,378.8776,440.7821,401.2162,0.2307,1.1034,4.9583,3.603,3.1081,0.0971,33.93
376.04,234.4989,354.7647,496.6,0.2159,0.7494,9.8908,4.4962,1.6129,0.0218,91.495
257.0316,137.8022,270.7714,218.56,0.2337,1.0146,10.21,2.3854,1.3194,0.0905,161.465
292.0758,129.0628,303.38,256.75,0.2,1.1704,11.9864,6.5079,0.9296,0.0253,216.41
330.6122,196.8362,339.7625,289.9444,0.2591,0.4139,12.4867,6.9141,1.5806,0.0061,120.95
329.4783,189.1735,325.3286,342.6818,0.2465,0.8804,9.7864,1.2119,1.4839,0.015,117.25
352.6981,175.0342,341.962,384.1111,0.2087,0.9228,8.584,2.9609,1.4722,0.0263,113.33
292,116.2676,291.2462,295.2667,0.1884,0.8737,8.9633,1.3761,1.3559,0,147.83
339.1235,289.6072,326.7206,404,0.2322,0.3398,8.258,3.1727,1.3729,0.0034,129.32
385.1,221.5022,383.8649,388.6154,0.214,0.6976,6.5033,2.7956,1.3514,0,123.61
906.8148,648.344,866.1053,1003.5,0.25,1.3028,4.925,2.2981,1.4211,0.0358,49
240.6349,138.4581,238.4737,261.1667,0.2146,0.8904,9.2411,3.6726,0.8873,0.047,272.73
359.1457,266.1241,343.0619,388.037,0.2466,0.9091,8.211,1.6048,2.0972,0.0119,81.87
626.0806,460.0944,575.9231,711.1304,0.191,1.1685,9.4967,3.3303,2.8182,0.0904,25.715
271.812,137.4622,267.5934,286.5769,0.2143,0.6968,9.7073,2.5034,1.9831,0.0307,102.73
459.0658,231.5432,467.6197,337.6,0.2245,0.3326,10.918,3.302,1.2258,0,107.95
301.0321,195.3855,295.4956,315.5814,0.2773,0.6059,8.7157,1.9315,2.1972,0,89.21
242.0435,97.4447,246.831,225.8571,0.1809,1.059,10.413,3.8874,1.2778,0.0286,191.05
285.4825,133.5237,292.0213,254.75,0.2236,0.8691,10.8908,2.4053,1.5833,0,133.46
347.3365,215.3947,346.9605,348.3571,0.2309,0.8253,8.1914,3.1694,1.7627,0.0167,96.8
281.8673,151.117,284.7051,270.8,0.1982,0.982,10.6642,3.3264,1.3803,0.0283,141.03
285.8737,155.2448,285.5357,288.4545,0.2157,0.925,12.5308,6.8038,1.0556,0.0527,179.26
183.2632,86.1128,170.3607,206.4118,0.3427,1.1777,9.6222,2.9783,1.338,0.345,159.67
267.4261,153.1552,266.2258,272.5,0.2228,0.7457,13.0873,2.5691,1.2778,0.0744,157.11
292.9149,174.2745,278.4865,346.3,0.2091,1.1472,8.9464,2.267,1.2368,0.0208,180.88
289.6019,181.1562,285.2278,304,0.2168,0.635,7.5825,3.276,1.6613,0.0449,111.285
367.7625,207.7078,369.3676,358.6667,0.1879,0.851,7.77,3.542,1.2903,0.0214,122.2
341.1217,239.6975,356.0909,292.3333,0.2264,0.8609,9.0062,3.3573,1.5132,0.0695,99.765
327.7462,236.7157,310.1351,380.9388,0.2174,0.8856,17.0877,3.4951,2.1889,0.0189,78.24
248.9167,156.7298,248.5057,252.8889,0.2042,0.6176,10.9767,3.1748,1.3333,0.0056,172.13
281.9279,178.7955,283.4725,274.9,0.2335,1.1096,11.0753,4.6634,1.5634,0.0507,129.505
303.43,168.4366,299.3908,330.4615,0.2397,0.5114,8.81,2.5406,1.3889,0.0425,139.18
349.1633,198.7601,343.7162,365.9583,0.201,0.6438,8.2562,2.4416,1.661,0.0327,98.58
381.5811,239.9829,395.6033,318.7407,0.2299,0.8537,11.6393,3.4161,2.0556,0.1035,64.205
471.5263,309.1304,456.6818,491.9375,0.2095,1.3033,5.745,0.0071,2,0.0123,68.1
295.1638,137.7221,306.122,268.7353,0.259,1.2012,13.4738,3.0906,1.2889,0.0279,142.94
361.2418,176.1331,369.7105,318.3333,0.2064,0.4057,11.695,1.3529,1.4677,0.0045,112
716.4796,735.8625,636.9571,915.2857,0.2141,0.7508,8.0171,1.688,2.6486,0.0355,26.135
435.3729,268.0461,479.7021,261.75,0.2102,1.2075,7.707,2.9193,1,0.0041,131.925
712.641,794.5828,718.3148,699.875,0.2236,0.9078,12.6821,9.4032,8,0.0615,4.74
293.8526,160.5877,315.8615,246.1667,0.2253,1.0844,8.815,3.3915,1.5323,0.0504,142.74
352.9577,204.9308,345.5,393.6364,0.2087,0.7859,9.1222,4.0819,1.8205,0.0174,107.09
379.9167,190.5101,392.1017,324.6154,0.1774,1.137,5.9288,2.6352,1.8462,0.0046,82.92
254.8636,140.668,248.7761,274.2857,0.2466,0.735,7.8418,2.3286,1.4915,0.0371,146.92
298.9077,177.5754,291.5096,328.5,0.2446,0.9015,12.3123,4.0243,1.413,0.0449,131.3
342.9268,205.165,375.4205,261.2286,0.2426,0.874,9.3367,2.1094,1.7083,0.014,102.31
340.1351,205.1083,317.1667,394.4242,0.2556,0.8744,8.5722,3.0061,1.7903,0.0014,92.95
460.978,304.3105,412.1333,555.5161,0.2298,1.0024,9.504,5.5213,2.4595,0.0482,44.43
259.44,181.3557,277.8289,201.2083,0.2118,0.9365,9.2643,3.3565,1.3889,0.0583,190.555
354.7288,187.834,352.7727,360.4667,0.2302,1.1014,7.784,0.6171,1.5946,0.034,107.375
294.5169,125.4461,301.5397,277.5,0.1796,1.3576,9.173,2.1061,1.2535,0.0109,159.54
298.9844,153.3465,305.3019,268.5455,0.2359,0.9001,9.0738,3.1335,1.0323,0,204.025
309.1392,172.0954,314.7059,274.7273,0.1887,0.8275,10.4927,3.4755,1.2742,0.0722,142.095
322.8462,174.7938,338.1556,271.8148,0.2147,0.7181,10.78,2.4716,1.625,0.0315,107.61
372.5714,219.5354,357.6607,432.2143,0.2149,0.8451,7.0038,4.0028,1.7949,0.0249,90.73
281.6528,218.9855,257.4561,373.6,0.2193,1.0824,9.1819,4.4083,1.2203,0.028,167.29
338.8916,183.7798,331.5781,363.5263,0.2129,0.7709,8.9375,3.0165,1.169,0.0052,151.33
390.5966,405.6497,346.2717,541.6296,0.2483,0.8497,9.93,2.1481,1.9194,0.003,90.68
263.6446,119.6853,265.5269,257.3929,0.2174,1.1599,9.9078,2.8169,1.7042,0.0162,126.37
646.3125,526.734,641.0361,656.0444,0.2272,0.6922,10.035,5.6012,3.4595,0.0264,21.56
582.7545,526.1882,585.5696,575.5806,0.2179,0.8068,10.1443,2.9633,2.8205,0.006,31.84
230.6146,132.8449,224.2857,247.6538,0.2475,1.2587,11.4686,6.2691,1.5484,0.1417,130.99
271.869,166.6069,275.6479,251.2308,0.2655,0.8227,11.045,0.7962,1.1667,0,178.865
382.8112,219.7182,376.7525,397.381,0.2041,0.8214,7.9564,4.4489,2.0141,0.0071,72.28
326.2564,181.0679,322.8116,352.6667,0.196,0.9624,10.1489,2.4118,1.0986,0.0248,177.8
410.5306,280.7154,430.6512,266.3333,0.1965,1.0424,6.918,2.1362,1.3243,0.0477,108.35
431.6575,285.5545,420.85,481.5385,0.2312,0.7263,8.46,1.8632,1.1774,0.0177,116.97
320.2561,183.2129,320.7391,317.6923,0.192,0.8522,9.6211,2.4844,1.3898,0.0203,128.2
438.7227,300.6493,439.91,432.4737,0.2379,0.4132,10.2357,7.6488,1.9194,0.0684,62.4
318.6786,186.2707,341.3662,194.7692,0.2171,0.9032,8.2347,3.624,1.1667,0.0595,149.6
392.7231,240.2294,401.8654,356.1538,0.252,0.6872,11.9029,8.2898,1.7568,0.0307,84.055
299.9778,136.7741,311.3099,257.6316,0.2603,1.0915,9.174,3.0481,1.25,0.013,173.115
386.0588,227.3809,408.137,330.4828,0.2174,0.656,9.39,2.2119,1.6452,0.008,94.92
282.3805,149.4206,269.57,380.9231,0.2331,0.6863,10.3683,2.4493,1.5694,0.0417,130.55
354.9712,175.5825,354.2604,363.5,0.1894,0.9245,14.6933,5.1923,1.1556,0.0187,144.36
331.8407,218.2905,320.9651,366.4815,0.2217,0.5636,8.0992,4.7109,1.9153,0.0073,99.34
241.5065,152.9923,228.0159,302.2143,0.2153,1.2335,10.1211,3.5136,1.3051,0.2322,141.38
387.0732,204.3183,390.2157,371.8095,0.2122,0.8142,16.872,4.0184,1.3667,0.004,105.33
322.7586,167.3315,316.3023,341.2667,0.2066,0.9791,7.9337,3.2004,1.5676,0.0466,112.66
451.2562,337.8766,454.8065,439.4643,0.1945,0.7636,12.046,1.0307,1.6806,0.0029,87.97
238.1558,95.0638,248.0169,205.8333,0.2334,1.0722,9.4138,4.1743,1.0694,0.0513,221.585
526.2031,475.2866,546.15,492.9583,0.2488,0.6511,10.7143,9.6212,3.4595,0.0437,23.16
391.1429,230.2623,427.7727,306.3158,0.2592,0.7534,7.2675,1.5078,1.575,0.0194,96.195
291.2466,181.5378,301.4688,218.5556,0.1537,1.0033,11.3425,1.351,1.0139,0.0162,193.15
328.4225,173.021,331.375,301.4286,0.2039,0.7413,9.325,3.4944,1.1452,0.0206,165.31
481.1085,307.8205,508.9903,370.6538,0.1912,0.8719,8.3885,3.3164,2.0806,0.005,58.955
230.3579,110.1251,221.64,263.05,0.2321,0.9353,9.7779,3.8349,1.3194,0.0716,178.87
713.8056,812.5143,733.8936,676.04,0.1997,0.9108,9.485,2.915,3.7895,0.0628,21.29
507.0588,304.6261,461.3774,668.4667,0.2244,0.5352,6.805,2.4645,1.7436,0.0043,66.93
248.0108,140.4071,247.12,251.7222,0.2163,0.8814,8.1612,4.5927,1.2917,0.0117,187.76
328.3182,190.8653,334.2745,308.0667,0.2448,1.0996,7.3889,3.5464,1.0645,0,189.225
318.8852,183.6647,326.5,290.7692,0.1968,0.7173,10.3819,6.5018,1.7183,0.0166,104.87
269.8409,145.3992,275.75,254.0833,0.251,0.7755,6.5081,3.1145,1.4194,0.0405,167.04
417.0258,383.7661,409.2293,433.1316,0.2413,0.6084,8.9825,3.5959,3.2361,0.0301,34.82
323.2727,152.8809,315.4474,349.1304,0.1978,1.1171,8.8762,4.2856,1.5968,0.032,126.26
377.3387,238.9281,398.2553,311.8,0.2016,1.0725,6.6345,3.3347,1.55,0.0194,96.945
310.8871,143.2129,313.0175,286.6,0.2158,0.6829,10.7143,1.3872,1,0.0243,194.66
299.1881,166.7858,305.0824,267.875,0.1803,0.7484,10.07,3.3884,1.4225,0.0228,126.58
322.5619,175.5188,317.5889,352.4,0.2248,1.0102,13.447,3.6163,1.1667,0.0748,138.77
343.7576,173.7514,355.8471,270.3571,0.2461,0.9198,10.2527,3.5564,1.375,0.0581,116.1
200.025,101.723,201.2568,184.8333,0.1925,0.848,9.56,3.801,1.1268,0.1264,226.96
382.8349,247.8909,367.2386,448.1905,0.239,0.938,7.8361,5.48,1.7581,0.0247,98.86
331.339,193.997,315.5357,370.3824,0.1586,0.9849,8.259,3.6658,1.9032,0.0226,91.74
291.6087,165.2996,304.3519,245.7333,0.2378,0.8512,9.0373,4.2843,1.1129,0.0213,175.185
338.7453,237.2415,340.359,334.25,0.1872,0.881,10.6113,3.4915,1.7097,0.0147,106.105
261.1647,124.2487,267.9531,240.4762,0.1928,1.452,9.4738,4.2518,1.1972,0.0077,182.45
443.5455,261.7329,446.4,435.9333,0.2213,0.8926,6.536,2.9882,1.4865,0.007,95.635
334.8395,197.7983,337.4559,321.1538,0.1889,0.9414,10.171,1.3101,1.125,0.02,164.355
388.6364,300.6469,388.0918,390.2059,0.2354,0.8268,10.665,0.5758,1.7368,0.0035,85.78
362.3158,191.7806,385.3108,281.2857,0.2386,0.5689,8.9111,2.4004,1.25,0,130.665
407.3919,241.669,406.8814,409.4,0.2058,0.6736,9.4733,2.7912,1.8974,0.0035,110.785
390.6822,270.3594,378.8539,449.1667,0.2043,0.7316,8.3754,2.3806,1.7258,0.0694,95.46
369.481,218.6441,382.9851,294.0833,0.2039,0.442,9.3073,3.0353,1.2742,0.0065,127.655
374.7182,285.2674,329.2208,480.8788,0.2134,0.7403,9.3344,1.5171,1.7742,0,87.63
249.087,105.1539,252.8133,232.6471,0.2696,1.1648,12.0606,4.6154,1.0222,0.046,222.96
312.9067,180.9286,300.7876,349.9189,0.2905,0.9417,11.97,2.6516,1.9737,0.0273,92.365
298.7265,166.1786,296.7241,304.5333,0.1972,1.0319,9.4335,3.7129,1.6479,0.0352,112.26
367.2687,258.7957,373.4833,314,0.1934,0.7954,9.8418,2.4467,0.9306,0,182.66
312.4369,212.3801,312.7532,311.5,0.2023,0.8661,10.7888,1.4851,1.3553,0.0072,138.35
340.8,198.4761,355.7714,270.9333,0.2316,0.7522,8.3208,2.7797,1.1806,0,143.25
987,749.9118,1013.6296,915.1,0.2257,1.0142,11.6,0,1.9474,0.0321,32.2
256.5579,156.0451,257.6,253.64,0.2296,1.1475,9.9125,2.8281,1.25,0.0149,176.475
395.6833,236.4809,404.92,349.5,0.2212,0.8768,7.0038,2.1891,1.5385,0.0295,92.73
126.764,84.349,135.403,100.4545,0.491,1.3636,9.3927,3.3699,2.4054,0.3476,120.765
551,338.2384,569,521,0.2309,1.0786,0,0,1.6842,0,74.315
398.9684,283.9381,421.575,278.4,0.2089,1.3341,11.3264,1.0229,1.25,0.0215,109.505
352.9474,220.7977,344.6184,386.2632,0.2152,0.9888,9.7006,2.2247,1.25,0,140.39
275.4811,135.8048,280.1585,259.5,0.2279,0.8062,8.832,3.0913,1.4722,0.0212,147.015
539.1494,510.0002,561.534,506.6761,0.2128,0.9904,10.4464,5.84,4.35,0.0343,17.81
315.1286,153.2803,321.7321,288.7143,0.2056,1.1067,8.72,2.3943,1.1864,0,159.88
389.1333,238.9391,372.303,435.4167,0.2093,1.1121,8.9174,4.0119,2.4324,0.1208,74.902
361.473,215.9686,329.7321,460.2222,0.1826,0.5888,7.0429,2.6818,2,0.0609,91.32
315.2308,140.7515,308.4694,335.9375,0.1829,1.3777,7.9733,2.4777,1.0484,0.0085,168.98
643.1163,625.2557,679.2041,529.0323,0.1881,0.6148,10.302,4.9243,3.4865,0.0148,23.28
257.9868,140.9092,248.4062,309.0833,0.2254,1.0854,9.5564,6.4303,1.2258,0.0497,182.715
257.802,171.079,261.9494,242.9091,0.3576,0.5761,10.305,1.6102,1.4225,0.0614,147.8
295.0309,138.7438,300.25,276.1429,0.224,1.3791,15.5164,4.8253,1.0778,0.0032,177.55
280.2551,123.157,269.0282,309.7778,0.1881,1.3073,9.0973,2.4361,1.3803,0.0326,139.67
259.2135,124.1431,257.0308,265.125,0.2026,0.993,7.5962,2.0608,1.2535,0.0692,207.2
510.8036,418.4029,517.1488,494.4681,0.2243,0.6973,8.3169,3.0208,2.7097,0.0565,35.4
299.2857,188.1161,309.85,243.6842,0.2221,0.4488,11.395,1.1533,1.5658,0.0545,115.63
288.8101,118.1179,290.5789,244,0.198,1.0866,14.3138,5.1672,0.8778,0.0294,219.45
274.0909,179.7688,275.0811,272.0556,0.2224,1.4033,7.6117,1.2444,1.4865,0.0561,128.52
551.8929,478.962,528.85,609.5,0.2359,0.9683,10.2317,3.6616,1.9444,0.0315,40.89
366.888,250.096,360.9278,387.5357,0.2377,0.8136,8.9685,1.842,2.0161,0.0201,82.77
289.6316,168.647,307.1724,233.1111,0.1588,1.6672,9.9055,1.9505,1.0556,0.0178,187.34
320.7459,202.9284,329.8835,271.2105,0.2206,0.6854,9.7287,4.323,1.6944,0.0526,101.01
260.5862,149.0431,274.5429,203.1176,0.2245,0.6094,6.602,2.3213,1.4032,0.1321,139.185
418.6143,366.7566,406.6701,445.5581,0.2989,0.7435,8.3567,3.6007,2.3729,0.0244,56.44
235.3837,115.1107,238.0282,222.8667,0.2049,0.8564,10.5818,3.2228,1.2113,0.0634,187.67
333.4444,192.6937,299.7451,476.6667,0.2233,0.8737,9.7322,2.9793,1.0161,0.0054,164.69
319.8889,224.5359,335.0874,270.9688,0.2093,1.0259,7.8728,3.7851,2.2881,0.0866,82.92
332.7586,181.4033,341.1408,295.5625,0.1794,0.969,10.5511,2.5983,1.2254,0.0201,142.91
209.7692,103.5045,206.2651,223.619,0.1758,1.2684,12.434,6.3069,1.3684,0.1092,188.835
320.69,187.6374,325.0714,297.6875,0.2613,0.6754,11.1853,1.613,1.3889,0.086,124.93
341.8182,230.4126,352.1358,295.3889,0.2282,0.662,9.5278,2.7969,1.3944,0,126.605
486.3294,329.0719,496.9516,457.6957,0.2409,1.0552,10.731,4.6577,2.2973,0.1407,41.23
358.7121,232.0016,379.8163,297.8824,0.1973,1.1311,9.16,0.8616,1.6923,0.0368,96.24
289.8043,117.8793,297.9615,244.3571,0.1753,0.8922,11.2056,2.1824,1.2958,0.0668,144.315
731.8844,770.6384,722.3529,753.4889,0.2506,0.6017,16.847,9.0486,3.7692,0.0217,14.78
367.0133,256.2218,396.1864,259.4375,0.2449,0.7205,10.5231,5.5897,2.027,0.0091,77.71
410.3881,280.5021,385.1682,510.3333,0.2357,0.6719,14.1782,3.1605,1.4889,0.0108,90.05
259.9589,154.2538,263.3333,244.3846,0.2121,0.8088,8.8011,3.3067,1.1774,0.1108,168.48
234.8273,105.5379,237.8889,221.05,0.1791,0.9621,10.0663,3.185,1.5278,0.0705,151.06
282.2558,140.1234,275.9459,321.1667,0.2448,0.8751,10.6177,2.2945,1.1944,0.0089,176.04
923.992,973.6758,986.6174,832.5098,0.2534,0.7939,9.6547,6.7618,6.7838,0.0727,3.61
228.9189,128.8498,230.2586,224.0625,0.2454,1.0556,8.5622,4.3498,1.2542,0.0042,186.295
456.2146,396.277,430.2209,506.4494,0.2086,0.8274,18.07,12.5469,6.6923,0.0608,11.51
312.3953,139.551,311.7419,314.0833,0.1867,0.8549,13.854,5.154,1.4576,0,130.935
339.7321,287.4456,362.2235,268.9259,0.2166,0.7897,8.5193,4.6525,1.5556,0.0447,103.14
321.219,150.9811,314.2976,348.9048,0.189,0.8066,10.3269,2.3324,1.4583,0,120.81
621.2095,537.5019,629.8725,602,0.2303,0.5519,8.9362,1.9556,2.5085,0.0086,36.16
248.375,136.8993,234.5735,295.3,0.2436,0.8342,11.233,2.4844,1.4915,0.0112,167.61
341.5593,205.3958,352.6087,302.4615,0.2308,0.7452,9.5113,2.8947,1.5128,0.0052,118.36
301.9528,175.8276,299.6163,312,0.2475,0.7974,7.2433,4.5944,1.493,0.0094,132.13
190.5437,124.7908,193.6515,185,0.3565,0.9736,8.1986,1.0836,1.6613,0.0978,158.81
283.9712,144.0641,287.859,272.3077,0.2438,1.178,10.0209,3.7807,1.4444,0.0094,141.06
394.4898,214.8962,410.5185,318.1176,0.191,0.546,10.7358,2.1654,1.3611,0,110.8
339.4494,181.1924,336.4474,357,0.2253,0.9238,9.8015,2.0723,1.1711,0.0038,140.685
335.7688,233.1544,314.0984,405.3421,0.2323,0.9151,10.5794,2.6294,2.2222,0.039,68.605
268.2381,129.1176,277.0952,241.6667,0.2136,1.1227,12.6575,4.7544,1.3548,0.0502,195.115
513.1554,422.8487,529.8757,473.1622,0.239,0.8919,6.9841,4.1857,4.0484,0.0611,25.045
386.7619,185.9886,388.4286,381.7619,0.239,0.6097,8.3513,2.5614,1.3548,0,113.96
450.4103,379.8888,469.8333,406.7083,0.2328,0.9853,9.9111,3.6177,2.1081,0.0091,54.48
276.7805,142.0234,273.4167,301,0.2204,0.9008,9.9013,3.8524,1.1389,0.0077,189.81
286.3716,151.6154,287.6161,282.5,0.2001,1.2041,8.722,4.4338,2.0556,0.1068,93.875
287.2185,213.3804,273.2222,335.3824,0.2176,0.9755,9.6618,4.9318,2.5593,0.1853,74.53
258.2396,116.4261,257.1053,262.55,0.2066,1.161,9.4573,3.4025,1.3333,0.0464,156.46
523.2238,477.9466,527.2857,513.746,0.2291,0.4658,9.1492,3.6614,2.7632,0.0121,37.235
293.2874,142.7944,306.3485,252.2381,0.2491,1.0675,9.658,4.1246,1.2083,0.0358,158.59
291.1429,174.1384,282.4805,338.7857,0.2085,0.8346,9.4327,2.8592,1.2639,0.0654,147.345
294.3297,155.4911,297.0441,286.3043,0.2475,0.8183,8.487,2.9461,1.4677,0.054,98.48
409.2857,265.6701,385.383,499.16,0.2224,0.6459,5.6257,3.0133,2.0169,0.058,69.95
376.142,298.2308,352.6981,411.6429,0.2615,0.6556,5.37,2.677,9.2632,0.0903,5.08
324.6234,183.5326,320.2857,368,0.1797,0.5425,9.0431,3.3542,1.2419,0.0279,138.41
238.3039,122.6628,246,214.6,0.3052,1.2069,11.195,4.7156,1.4366,0.1738,181.74
310.4835,156.1349,330.2388,255.3333,0.1823,1.3325,11.3111,2.0227,1.2817,0.0092,141.4
226.9504,148.5613,248.3521,196.56,0.4442,0.8768,13.1189,5.5619,1.3444,0.0471,186.84
322.5775,182.0755,338.5417,289.2609,0.2024,1.0424,7.8062,1.6513,1.1452,0.0365,161.59
340.1959,206.3263,361.0137,276.875,0.2458,0.9392,11.9717,1.4904,1.3662,0,124.33
250.7708,125.1217,251.3733,248.619,0.2298,0.8634,10.1114,1.6048,1.3333,0.0759,159.12
320.0513,131.3421,333.1071,286.8182,0.2382,0.9375,6.6567,2.7169,0.975,0,199.26
271.7368,136.7186,256.974,334.8889,0.2225,1.1639,9.284,2.5064,1.3194,0,174.59
307.7679,177.0667,296.6932,348.375,0.1944,1.2965,11.2818,3.1691,1.5556,0.0588,112.37
334.1579,194.8916,318.48,392.95,0.1994,0.8244,12.7513,2.2612,1.5323,0.0204,114.89
440.7314,342.2861,461.319,400.2542,0.2007,1.1069,9.4745,4.3669,2.8226,0.0689,43.32
962.0635,1089.0877,1131.6053,704.36,0.3043,1.234,12.64,0,3.3158,0.0457,13.64
889.2384,931.473,952.3214,771.4833,0.2204,0.7456,5.2662,2.6512,4.4103,0.0313,7.98
367.3846,220.1337,349.5217,402.6,0.2054,0.6335,8.473,2.8564,1.6774,0.0028,94.41
290.9143,217.1638,291.4545,289.4286,0.4285,1.1081,6.68,1.5904,1.6935,0.0631,109.04
305.9,170.2719,309,292.6842,0.2014,1.1996,10.3222,2.6687,1.3889,0.0141,137.145
473.5143,312.0201,453.8909,545.4667,0.2073,0.8191,9.1822,2.9877,1.1864,0.0245,106.13
337.193,208.4247,344.4878,318.5,0.2093,1.3026,7.21,1,1.5405,0,118.55
292.7,132.1983,303.7188,248.625,0.2171,1.3036,11.5278,2.6139,1.1111,0.0057,182.805
284.4304,151.9725,302.7302,212.375,0.2277,1.0096,8.6925,3.885,1.2742,0.0305,176.89
302.1176,135.8438,303.2466,295.25,0.1694,1.1674,15.7625,1.3552,0.9239,0.006,212.29
339.7292,210.8543,335.6173,361.9333,0.1986,0.7428,9.6,3.676,1.3333,0.0776,117.985
290.8767,165.7999,278.8393,330.5294,0.2282,0.8826,9.52,0.9795,1.1774,0.044,164.84
254.5133,119.509,257.2472,244.375,0.2099,1.3515,16.7657,3.9052,1.2556,0.0384,164.13
599.4622,473.9704,620.6552,541.8438,0.202,0.8336,7.541,4.4459,3.2162,0.1,22.6
345.4175,194.2435,361.6543,285.6364,0.1952,0.8793,10.1327,2.8105,1.3553,0.005,133.6
302.5843,131.0617,304.3919,293.6667,0.2004,0.919,10.7082,2.5671,1.2361,0.0175,159.12
348.0351,187.9289,342.4118,395.8333,0.2126,0.9255,7.2918,2.3519,0.8028,0.0256,236.54
543.5196,514.088,558.0921,500.9231,0.2004,0.6232,8.8011,1.5497,1.7288,0,53.05
322.9333,169.0343,314.494,354.7727,0.1882,0.9948,8.155,4.9761,1.6935,0.0444,104.17
454.0273,361.6531,414.0899,623.2857,0.2539,1.0151,6.8914,2.3229,1.8644,0.0611,66.5
278.8679,159.3261,289.0286,259.1111,0.2773,0.7673,7.2136,4.4265,1.7097,0.0465,114.175
336.3455,184.719,333.4074,344.5517,0.2148,0.5364,9.2555,2.7689,1.7742,0,97.51
315.0142,205.3764,310.9381,324,0.2029,0.9981,12.0629,2.4032,1.9583,0.0139,97.39
229.0838,271.147,258.8299,208.3602,0.32,0.6809,9.7233,2.8499,9.6757,0.2118,42.205
352.7083,181.1098,331.16,401.6818,0.254,0.8355,6.765,3.1853,1.8,0.0103,94.81
272.4684,187.5029,251.3846,370.3571,0.2305,1.2358,10.1627,3.3975,1.0395,0.079,221.405
321,174.631,326.0968,305.2,0.1943,0.9759,8.155,3.3832,1.0789,0.012,169.27
396.3226,255.645,412.4684,305.2143,0.1941,0.4683,8.1256,3.3472,1.5,0.031,93.63
378.25,300.8353,348.1778,468.4667,0.2052,0.5169,10.1988,3.4358,1.5,0,101.99
334.3071,187.7701,327.2577,357.1,0.2005,0.7518,7.0244,2.8691,2.0484,0.0365,81.145
249.4095,121.8533,244.593,271.2105,0.2446,1.0668,11.5867,4.2256,1.4583,0.0363,143.15
321.9636,183.1937,338.3636,256.3636,0.2987,0.992,8.9343,1.927,0.8871,0.0075,213.54
790.4759,939.8623,770.8727,852.0857,0.1938,0.9505,7.705,2.2612,2.3387,0.0156,28.245
283.7308,159.3504,289.4103,266.6923,0.2148,0.8639,8.27,1.1773,1.3333,0.0595,140.79
314.9853,186.783,317.6566,307.8378,0.2705,0.9825,12.6958,2.4432,1.4783,0.0496,121.08
345.4805,213.082,353.8906,304.0769,0.1996,0.8956,8.6878,3.6523,1.2419,0.0152,141.07
398.1548,245.6683,401.5224,384.8824,0.2126,0.8731,8.5067,2.5158,1.4237,0.0134,103.045
327.2336,199.0999,308.1869,395.1667,0.2162,0.818,9.6108,5.1162,1.9028,0.0098,90.63
380.4821,223.1545,373.6818,405.4167,0.218,1.0359,8.342,1.2136,1.4359,0.0634,110.41
388.5268,270.0645,399.618,345.6087,0.205,1.0173,5.8727,3.1628,1.8065,0.0501,78.7
263.5,143.3621,274.6119,237.8276,0.2251,1.0467,7.07,2.4142,1.3521,0.0049,167.45
600.7393,608.4925,667.0608,486.6047,0.218,0.7877,9.8427,4.9986,6,0.1039,10.7
380.2576,208.0676,378.4,389.5455,0.1724,0.8481,9.832,3.2654,1.0645,0.024,141.88
347.3412,183.423,337.7763,428.1111,0.1982,0.7212,9.05,3.5015,1.371,0.0376,115.925
330.1458,220.684,352.2525,281.5111,0.2925,1.0061,10.5444,4.0241,1.8947,0.0566,89.19
640.6075,702.1022,633.8714,653.3514,0.2193,0.698,8.5127,4.5761,2.8919,0.0313,27.965
382.402,360.2814,395.1769,359.1748,0.253,0.9279,9.5864,6.3563,6.8305,0.06,16.36
296.9495,171.4962,305.1975,259.8333,0.2429,0.7327,9.1283,2.8364,1.375,0.0316,136.01
274.2925,158.8404,278.9651,254.2,0.2096,0.7025,10.1544,4.7757,1.7097,0.0578,126.32
234.2808,135.4495,249.8544,196.9767,0.3579,0.6954,9.7231,2.5451,2.0278,0.0231,115.96
248.24,111.2186,253.1358,227.3684,0.1962,1.0445,10.8928,3.6984,1.6129,0.0081,149.4
393.3295,214.4575,383.0133,452.8462,0.2157,0.556,10.082,3.5229,1.4194,0.0085,98.88
562.2065,387.368,577.2329,504.4737,0.2152,0.4558,8.9643,1.2083,1.4839,0.0071,70.775
315.5867,166.4342,324.3065,274,0.1721,1.0314,7.4375,2.9232,1.2712,0.0789,131.15
275.0088,125.0843,276.3333,269.1429,0.1978,1.0754,14.3843,5.593,1.2667,0.0456,163.8
222.3913,144.3601,226.8161,208.6429,0.3805,1.0703,11.745,3.1166,1.6197,0.1737,127.31
456.1034,376.0388,438.3671,493.973,0.2067,0.8485,8.4906,5.6626,3.1351,0.0111,41.86
278.0685,127.746,278.2264,277.65,0.1975,1.4327,10.7613,1.8613,1.1774,0.0408,175.54
246.8613,147.2114,238.8785,275.3333,0.2207,1.1752,13.7133,5.4704,1.4891,0.2304,154.96
325.1961,153.4714,322.2368,333.8462,0.1986,1.1065,8.994,1.1369,1.3784,0.0211,131.55
359.7292,170.6601,361.45,351.125,0.2015,0.8421,4.952,2.9827,1.2973,0.0258,129.35
305.7054,169.2705,309.9773,290.0417,0.227,0.8049,8.6646,2.4895,1.5556,0.0018,131.36
316.7632,190.6505,309.65,343.4375,0.2007,0.8596,7.5309,2.5397,1.2881,0.0192,140.89
330.1294,171.4384,331.9306,320.1538,0.2092,0.5522,11.0254,4.2663,1.371,0.0257,129.315
309.6308,188.2124,329.0891,241.8621,0.2338,0.8463,11.0633,3.1336,1.8056,0.0321,113.27
407.988,208.3441,385.8852,469.2727,0.2396,0.525,8.7944,3.7334,1.3387,0,104.8
217.037,124.6558,228.0405,193.0882,0.2515,1.3368,9.7847,2.6239,1.5211,0.0366,161.07
320.4854,163.0782,299.3902,402.8571,0.2121,0.9474,11.91,3.0724,1.4507,0,127.01
669.8319,513.1445,635.2,756.4118,0.2198,0.3897,7.544,2.831,3.2162,0.0425,25.79
289.187,176.6619,304.3714,269.1321,0.2101,1.2217,8.6469,2.8279,1.7324,0,116.32
279.8514,114.9402,275.283,291.381,0.2141,1.4247,9.0525,1.409,1.1935,0.0352,171.585
406.4615,258.719,416.902,368.4286,0.2198,0.6325,5.0425,3.8351,1.6667,0.048,87.22
289.4298,194.0626,307.8804,230.8966,0.2396,0.988,12.3091,5.1442,1.6806,0.0577,105.14
264.6143,126.4939,263.2407,269.25,0.2169,1.3715,8.5217,2.8258,0.9859,0.0382,219.14
307.2989,163.2761,311.3433,293.75,0.2397,0.9743,9.77,2.6151,1.2254,0.0195,157.54
259.1455,123.5164,252.8675,278.4444,0.2362,0.9945,10.0125,2.2057,1.5278,0.0065,148.84
575.6728,616.6168,621.7264,488.5,0.2754,0.8461,7.7178,1.2745,4.1538,0.0268,17.59
331.6196,204.3797,341.9385,306.7778,0.2388,1.1282,8.2662,2.6746,1.5593,0.0021,106.68
273.5062,109.6216,270.2121,288,0.2169,1.1455,11.2477,4.7935,1.1408,0.0132,183.78
251.9634,128.437,256.2742,238.6,0.2129,1.2046,9.475,6.309,1.1549,0.0343,204.95
377.9726,235.7946,406.18,316.6522,0.221,1.0301,5.835,2.5852,1.973,0.0114,83.085
221.5446,121.8152,219.4932,226.8929,0.2013,1.3686,10.2243,3.1199,1.4028,0.0678,163.64
306.4568,161.773,299.2571,352.2727,0.2407,0.7743,9.8462,2.6617,1.3065,0.0103,150.12
327.0413,188.5399,339.0426,285.2593,0.1864,0.6807,10.9045,1.8987,1.7042,0.0155,104.4
430.1587,299.7891,420.3253,449.1395,0.2202,0.4576,5.4582,4.1763,3.4054,0.0517,33.985
313.2735,142.328,299.2268,381.4,0.1967,1.0298,13.7846,5.4571,1.3,0.0093,144.31
355.1681,189.9021,355.5895,353.5,0.1888,0.7478,12.4413,0.9939,1.6528,0.0104,90.87
362.8857,223.4537,361.5893,368.0714,0.1783,1.0938,7.4509,3.2303,1.129,0.0086,148.3
292.0562,161.3794,267.2373,340.8667,0.1981,1.1888,9.5383,1.927,1.4355,0.0024,137.45
254.1358,105.9607,260.6491,238.6667,0.2132,1.0001,12.6155,5.9023,1.3729,0.0306,160.92
274.9756,149.2882,281.9589,218.3333,0.2199,0.7232,10.6587,2.2765,1.1549,0,197.315
306.0619,141.2287,313.1477,236.7778,0.2179,0.9452,14.3883,5.0903,1.0543,0.0572,180.34
371.1084,211.3347,368.3971,383.4,0.2461,0.6546,8.9286,2.3118,1.3387,0.0679,115.46
278.4537,200.4409,294.5696,234.5517,0.2069,1.0038,9.8833,1.5869,1.7419,0.0072,115.46
720.3684,709.8676,740.4318,685.974,0.1935,1.0301,11.0224,6.5003,5.6486,0.0648,1.92
277.76,133.9061,285.2742,241.9231,0.2188,0.8696,9.7578,3.3032,1.2097,0.0128,185.44
270.7568,207.1362,283.3256,227.52,0.4372,0.9956,7.6064,2.3723,1.8814,0.0441,106.88
300.898,168.119,320.2564,225.4,0.2514,1.0671,8.9709,5.0697,1.3243,0,154.61
441.5375,471.4833,375.5,615.6364,0.2029,1.0871,8.3657,1.8739,1.3559,0.0189,100
242.3226,118.5535,240.6809,247.4667,0.2345,1.143,9.9589,4.6443,1,0.101,234.92
333.7794,166.1306,337.614,313.9091,0.2285,0.9998,9.4345,2.5549,1.0968,0.0172,161.46
562.9114,454.9243,590.3333,476.3158,0.2315,0.9441,9.74,0.9052,2.1351,0.0324,48.105
342.119,182.3996,338.0746,358.0588,0.2161,0.9205,8.6453,3.2754,1.4237,0.0285,118.95
283.2391,149.6421,282,288,0.2057,0.7773,9.9129,3.3839,1.4839,0.0199,143.675
271.1982,152.4765,279.6235,243.6538,0.2248,0.9944,9.8688,3.2958,1.5417,0.0536,118.93
329.1884,250.5399,299.551,401.8,0.2081,1.0934,9.2278,4.7309,1.8649,0.0096,102.92
377.9205,198.5456,398.8378,267.3571,0.184,0.7809,10.438,0.5951,1.4194,0.0093,107.06
266.1765,126.3498,271.4563,232.1875,0.209,0.8345,14.8864,3.7248,1.2935,0.0371,164.92
297.5169,187.5725,282.4857,352.8947,0.2461,0.6435,8.7909,2.2759,1.4355,0.0651,138.91
580.5079,424.5926,619.463,346.7778,0.2252,0.446,8.4829,0.6767,1.6154,0.0053,63.52
403.0076,268.0641,421.3542,354.0833,0.1835,0.8594,10.8167,7.0734,2.2373,0.0843,54.67
363.4776,233.8506,362.069,372.5556,0.224,1.1028,6.9983,3.7127,0.9437,0.0068,166.87
247.6765,152.4269,256.9444,225.4333,0.29,1.0444,9.549,1.2314,1.4167,0.0735,157.07
312.8861,146.6706,324.3929,284.8696,0.2128,0.8008,7.4671,3.3433,1.2742,0.0141,144.15
323.8049,169.8769,309.2308,379.5294,0.2152,0.5998,9.0186,1.183,1.3226,0.0032,135.735
332.4857,213.4398,323.6364,364.9333,0.2,0.8379,9.5657,0.6926,1.129,0,163.495
420,283.802,384.5385,535.25,0.2311,0.834,8.2975,2.0201,1.6452,0.0373,83.73
286.2527,175.3308,296.2727,259.8,0.2951,1.0933,6.9675,3.707,1.2639,0.0597,166.35
264.7053,110.1182,261.5441,272.6667,0.1879,1.1781,8.4146,2.6988,1.338,0.0152,163.97
363.9867,247.3755,368.5481,353.6739,0.2271,1.0087,8.7788,3.7178,2.4194,0.0061,61.47
368.1587,213.4303,374.3261,351.4706,0.2624,0.8913,9.71,0.0707,1.575,0.0322,99.07
504.6118,329.8589,535.8333,396.1579,0.1918,0.7001,6.347,3.04,2.1795,0.0372,42.91
304.9286,165.1417,310.8718,291.2941,0.202,1.3284,6.8929,2.7451,1.4359,0.0712,144.8
427.437,300.1225,458.2391,322.4815,0.2143,1.0214,11.108,1.8518,1.6761,0.028,83.48
398.4933,223.0602,390.6061,456.3333,0.1953,0.632,10.2871,0.8295,1.2097,0.0182,113.075
297.7579,133.9181,301,281.75,0.2275,1.0973,9.5792,2.9235,1.3194,0.0112,179.59
305.9579,185.2813,309.1408,296.5417,0.2157,0.9807,10.15,4.2425,1.5323,0.0264,121.825
778.6711,1016.8854,740.3786,864.413,0.2334,0.6872,8.607,2.313,4.027,0.034,14.98
344.4896,189.4837,318.8784,430.6364,0.1882,0.6257,9.8309,2.7426,1.5484,0.0032,106.36
429.1778,258.5566,436.3816,390.0714,0.204,0.4225,8.412,3.9108,1.4516,0.0063,96.95
312.2535,161.9248,311.9333,314,0.209,1.1725,9.0167,2.652,1,0,188.41
278.8182,151.7314,272.7097,293.3846,0.2038,1.3095,6.3525,2.686,1.4194,0.0431,146.165
321.6765,198.5257,331.1216,296.7143,0.2466,0.7928,7.69,3.7061,1.7288,0.0171,102.33
314.9206,180.0863,307.0577,352.0909,0.1805,0.9584,8.4781,4.0656,1.7027,0.0682,101.88
432.8254,362.2413,427.7455,467.75,0.2516,0.4097,10.2786,4.6331,1.7027,0.0372,79.79
589.3287,571.4127,589.7517,588.3881,0.232,0.4865,7.7288,3.3784,3.661,0.1103,23.19
296.4058,165.9958,283.14,331.3158,0.2351,1.0357,11.124,6.04,1.8649,0.0286,119.54
396.2769,284.5678,401.0833,382.7059,0.2942,0.6175,9.1213,4.1996,1.831,0.012,80.79
252.9242,133.3277,262.6042,227.1111,0.2005,1.1345,8.146,0.7986,1.0645,0.0434,210.95
253.4481,170.384,261.065,223.2258,0.2601,0.7562,13.622,5.0645,1.7111,0.2669,95.35
333.2564,191.6413,343.8596,304.4762,0.221,1.0855,8.54,1.9034,1.322,0.0204,129.015
280.4495,132.2609,270.881,312.6,0.228,1.0045,9.58,1.4033,1.5352,0,138.58
307.9635,183.1576,313.4466,291.3529,0.3505,0.6605,8.5331,3.451,1.9028,0.0264,97.36
333.1098,146.5126,326.871,352.45,0.2102,0.7818,9.5167,2.2743,1.3898,0.0088,112.31
236.34,127.0256,224.7212,262.6087,0.2206,0.9017,8.4679,1.8056,2.5424,0.0476,95.68
333.8523,145.0057,333.4375,334.9583,0.2507,0.8249,8.547,2.5603,1.4194,0.0114,126.83
311.5224,210.4968,321.0784,281.0625,0.204,1.0724,7.7133,4.269,1.8108,0.0449,104.52
380.5,207.9555,398.8125,307.25,0.2232,0.6277,10.8233,1.5409,1.6216,0.0065,81.97
283.3333,116.8185,281.08,294.6,0.2266,0.9076,10.81,2.668,1.25,0.0247,164.79
365.3768,186.4785,374.3396,335.6875,0.1764,1.1216,8.0075,1.9229,1.1129,0.0094,149.52
376.6716,257.5424,381.8302,357.1429,0.2146,0.6208,6.395,4.4293,1.8108,0.0144,92.81
736.8273,571.8525,734.8261,747.0556,0.2575,0.585,9.8678,2.2194,1.8644,0.0137,38.99
449.9576,292.1486,443.2041,483.05,0.2092,0.602,8.7646,2.9598,1.6389,0.0417,72.37
299.4545,170.9063,311.0423,270.0714,0.1983,1.0215,8.9309,3.4404,1.5968,0.0545,111.975
292.1215,159.6706,288.234,320.2308,0.2286,0.6309,13.87,1.2177,1.1889,0.033,152.31
237.0897,134.6694,224.1579,272.1905,0.2486,1.3888,8.3811,2.5743,1.2581,0.0153,194.38
250.5952,119.1882,260.4262,224.5217,0.2492,0.7814,12.6133,4.4238,1.3548,0.0063,174.25
236.2464,116.9223,237.7407,230.8667,0.1954,1.3591,9.7418,4.7405,1.1129,0,202.14
522.4355,444.5538,483.9753,594.8837,0.231,0.7389,8.34,5.9815,3.3514,0.0515,24.31
304,230.4513,319.9054,230.4375,0.2694,0.8211,7.8673,3.7434,1.4516,0.0556,126.05
291,186.296,293.5775,264.8571,0.206,0.8989,10.0262,4.0364,1.0833,0.058,171.29
284.5413,168.0264,289,272.8,0.2649,0.8786,8.7054,2.9352,1.5352,0.007,131.3
314.425,163.4765,319.6812,281.4545,0.2126,1.181,9.1067,3.2513,1.1268,0.0261,165.05
277.6579,126.81,275.9545,288.9,0.1589,0.8431,6.7272,3.73,1.0556,0.1325,178.42
264.8082,144.4843,264.9048,264.2,0.2023,1.0577,9.5175,2.4549,1.0139,0.0536,209.85
232.2376,99.2495,224.9672,243.325,0.2004,1.552,9.435,3.3234,1.4225,0.0119,175.45
543.7031,502.3462,515.7338,617.0566,0.2227,0.6604,10.811,4.0212,3.0968,0.0177,34.74
304.8919,155.9618,296.4468,319.5926,0.2335,1.1143,10.2817,5.4108,2,0.0165,97.5
262.9685,166.4696,267.0971,245.25,0.268,0.7381,10.3794,3.2017,1.7639,0.0141,121.85
315.5089,162.4439,331.8161,258.76,0.1904,0.7045,9.1062,3.7009,1.5775,0.0035,119.13
357.7419,177.861,360.3,347.0833,0.2613,0.5238,8.4489,3.2991,1.5897,0.0128,107.93
251.8,113.8606,258.5538,237.1667,0.2255,1.131,10.0682,2.2963,1.338,0.0068,173.77
331.8056,223.7929,326.8,348,0.181,1.052,8.7283,2.8309,1.1613,0,162.16
528.3145,488.5593,499.9412,590.1538,0.2164,1.0113,8.82,4.5326,3.3514,0.1221,25
276.8272,131.5901,277.5362,272.75,0.2381,0.6789,9.6917,2.6267,1.3065,0.0141,160.76
315.8434,202.6178,335.1385,246.1667,0.2888,0.9529,9.8087,1.5052,1.169,0.0134,156.42
314.9714,189.0383,307.4528,338.4118,0.2336,0.681,10.5156,5.5811,1.8919,0,108.54
363.7833,259.6988,348.8454,426.7826,0.2758,0.6482,10.3915,4.1186,1.6667,0.0231,93.75
322.6026,184.7171,306.1429,391.7333,0.2723,0.7166,8.715,3.3892,1.2581,0.0577,148.3
672.2133,703.8915,662.5704,692.058,0.239,0.6674,13.8552,7.8054,5.7027,0.0349,14.4
254.6842,137.9807,256.1831,250.25,0.2387,1.1138,9.226,1.6026,1.3194,0.0465,167.445
329.2857,191.8491,339.7838,283.5882,0.2037,1.0334,8.874,2.4161,1.1974,0.0072,145.67
404.6316,242.1589,407.6042,388.7778,0.2091,0.609,5.947,2.7673,1.4615,0.0212,98.93
273.8534,150.3576,276.0111,266.3846,0.2627,0.3734,9.6782,2.6755,1.6111,0.0254,127.28
180.5344,105.0566,179.5341,182.5814,0.3149,1.3497,9.105,4.2568,1.7237,0.2795,128.255
323.5714,199.2842,312.7313,347,0.2066,0.9506,9.645,2.254,1.5806,0,117.425
462.5789,262.3381,428.8571,504.2353,0.2403,0.9559,0,0,2,0.0048,79.165
251.4444,113.6943,244.1324,274.0455,0.2293,1.2078,11.165,4.3777,1.2676,0.0375,159.27
335.3196,185.478,347.7692,284.2105,0.2122,0.6998,9.5791,2.1725,1.5645,0.0418,101.305
205.9412,91.9063,208.6154,197.25,0.3046,1.3919,12.7291,4.7051,1.4167,0.1002,178.095
328.2584,192.4549,327.9589,329.625,0.2367,0.8532,7.9415,3.2503,1.2361,0.0082,143.97
288.6364,207.2851,274.5079,352.2143,0.1995,1.2119,8.4257,2.8896,1.0845,0.0526,175
283.4271,153.9542,285.7975,272.4118,0.2312,0.9929,9.9783,1.9993,1.2632,0.1147,143.54
275.0595,111.3626,269.3562,312.9091,0.1998,0.8409,10.045,4.1316,1.1667,0.0203,182.095
447.2195,307.0836,443.2381,460.4211,0.1938,0.7497,7.8987,1.2692,2.2162,0.0365,66.89
424.4821,336.2856,430.0208,391.25,0.2366,0.6269,7.13,3.7159,1.5135,0.0189,99.265
363.1702,212.0381,377.0494,276.6923,0.1633,0.5094,8.895,3.3953,1.3239,0.0479,117.87
295.4634,159.4353,297.3175,289.3158,0.3166,1.2023,8.7025,2.4963,1.1389,0.0123,177.555
325.8254,179.2258,328.2857,317.2143,0.2241,1.1364,8.822,2.5927,1.0678,0.003,175.435
241.4388,112.9472,249.0833,220.2692,0.1977,1.0593,9.701,2.0887,1.3611,0.0051,176.83
465.9306,396.9446,428.6604,569.8947,0.2083,0.5752,6.7788,2.7325,1.9459,0.0935,59.725
305.9725,198.6868,314.7067,286.7059,0.4267,0.5737,8.4638,4.8246,1.8475,0.0157,105.42
282.3469,136.1913,274.8987,313.3158,0.2339,1.0714,11.2593,2.0387,1.3803,0.0893,144.18
337.8779,187.2925,330.8023,351.4,0.2174,1.067,10.3419,3.6812,1.8194,0.0021,97.98
281.961,177.2672,276.8833,299.8824,0.2278,0.7481,9.705,4.1141,1.0845,0.034,210.27
338.5,173.5197,347.087,310.2857,0.2255,1.1832,7.4837,3.9411,1.6216,0.0123,128.325
331.6852,189.2226,317.7073,375.7692,0.2119,1.1674,7.6167,0.9258,0.9153,0.0161,188.95
848.5,700.1046,809.0357,986.625,0.2197,0.5481,14.8125,5.074,1.8,0.0363,33.8
267.3333,132.097,255.3438,287.5263,0.2098,1.5158,10.6289,9.0818,1.3784,0.0895,155.66
296.3226,151.2348,312.2245,236.3846,0.2115,0.6426,7.4591,2.6941,1.55,0.0238,127.66
419.0625,194.5698,433.8205,355.1111,0.1831,1.0516,9.5814,2.1631,1.2973,0.0084,111.085
313.4615,165.1272,312.5909,318.25,0.1885,1.0527,11.1467,8.8149,1.322,0.0834,153.16
267.9512,151.9635,278.625,230,0.2359,0.7508,9.1,1.5845,1.7083,0.0115,126.13
329.5051,160.6385,332.8391,305.3333,0.2181,0.9614,10.5029,3.0832,1.375,0.0411,117.735
330.8219,207.9656,317.3503,383.9,0.1984,0.7395,7.6209,3.1328,4.1864,0.0987,73.1
301.4854,131.7424,304,293.64,0.2379,1.0171,11.0975,3.4646,1.4507,0.0377,138.31
373.7718,232.0068,393.4661,298.8065,0.218,0.6364,9.5158,3.9409,2.0694,0.0641,83.37
283.434,108.187,290.5181,257.8696,0.2021,0.7629,9.9973,2.693,1.4722,0.0079,141.25
371.9038,192.2851,381.7179,342.4615,0.2257,0.8443,10.8409,1.3294,1.4444,0.0121,107.77
394.8045,304.8915,389.4337,403.72,0.2986,0.6904,7.26,2.9595,3.4103,0.0249,39.455
442.2826,303.1898,438.4179,452.64,0.2412,0.4497,10.0775,3.4644,1.4839,0.0112,81.36
263.7105,121.9646,260.5077,282.6364,0.2405,0.8916,9.5492,3.6488,1.0556,0.0211,208.06
292.4805,176.3808,281.6393,333.8125,0.1844,0.7331,7.605,2.4751,1.2419,0.0322,155.64
300.7159,199.5772,316.5342,223.7333,0.1974,0.5303,8.0494,2.6763,1.4194,0.0364,132.585
428.8624,244.6452,427.7606,430.9211,0.2188,0.8731,12.4378,1.2095,2.9459,0.0173,44.95
402.3445,415.7551,411.8925,368.1923,0.2176,0.7714,8.2933,2.8562,2.0169,0.0648,70.39
298.1346,145.977,301.5,282.0556,0.2275,0.8517,12.113,1.8647,1.4444,0.0107,133.42
396.4151,209.2077,368.7,481.6923,0.2334,0.818,10.916,6.5476,1.4324,0.0308,99.53
366.7246,194.1909,378.7869,274.75,0.1919,0.6681,9.88,5.4699,1.1129,0.0074,146.4
356.1039,204.066,363.7895,334.2,0.2099,1.0074,8.9362,5.1978,1.9744,0.0324,85.825
367.6441,213.4588,368.5158,364.0435,0.1848,0.6976,9.636,2.5749,1.6389,0.0209,95.9
381.0476,247.3248,381.2549,380.1667,0.2008,0.7383,11.49,5.1976,1.7027,0.0583,85.955
314.6207,153.1791,323.7308,235.6667,0.2155,0.7509,11.8264,2.4913,1.2254,0.0046,156.45
249.881,112.3263,242.9577,287.6923,0.247,1.0087,13.8175,0.8206,1.1667,0.0341,190.65
453.8037,317.1861,454.8763,452.2273,0.2708,0.9232,8.0227,2.8566,4.1795,0.0359,30.76
317.961,155.8334,320.15,310.2353,0.2008,1.0609,9.3557,1.3616,1.2419,0.0051,154.11
430.4513,307.0686,435.2088,410.7727,0.2355,0.5047,9.3418,1.6034,1.8226,0.0333,66.09
280.5,150.9097,311.0806,194.3182,0.2213,0.8172,9.32,1.4462,1.4237,0.0422,148.93
333.631,166.7699,340.5484,314.1364,0.1836,1.3486,8.186,3.4276,1.1053,0.0117,159.59
463.8118,395.2028,461.7846,470.4,0.233,0.5138,10.753,2.6267,2.3611,0.005,50.41
496.4314,344.5541,497.2,490.6667,0.232,0.7847,8.6475,2.8979,1.3784,0.0504,86.295
301.0577,121.9978,306,289.4194,0.2048,1.2693,11.0271,2.9962,1.4648,0.0162,125.93
271.6161,159.3205,264.2278,289.303,0.2138,0.9613,6.9942,3.4385,1.4737,0.0131,151.77
278.7241,128.5975,274.2,297.3529,0.2503,0.7458,9.385,1.082,1.1447,0.0213,182.265
526.9474,402.222,570.4667,463.7742,0.2214,1.2956,10.595,1.5227,2.0541,0.0231,49.18
295.7708,181.6666,299.3784,283.6364,0.2336,0.8104,6.3845,4.2241,1.6271,0.0612,111.47
358.3441,255.6339,359.3758,354.1892,0.1877,0.4903,14.4857,6.0057,2.0667,0.0597,75.31
241.0513,135.4532,227.8409,281.1379,0.2074,1.2075,11.4975,5.6025,1.3,0.0212,180
333.5306,221.6637,345.0845,303.1481,0.2184,0.8423,9.7562,1.7099,1.5806,0.0045,109.275
338.6316,198.6046,337.3421,341.2105,0.2628,0.9207,8.716,1.1943,1.8387,0.084,101.615
334.7368,183.8061,326.1481,355.8182,0.1861,1.1016,8.2609,5.0889,2.0541,0.056,81.63
329.8812,151.155,333.8889,313.65,0.2029,0.8935,10.732,2.376,1.3289,0.0405,127.98
364.5541,199.976,379.4286,279.3636,0.2227,1.1859,8.4647,3.3787,1.0423,0.0797,145.99
469.4038,337.0899,481.7611,436.9302,0.1851,0.8193,9.3714,4.8678,2.1972,0.0306,52.62
269.9157,121.5755,272.9853,256,0.193,1.0149,9.4364,2.0346,1.3387,0.006,161.555
354.7527,219.9527,367.9221,291.375,0.2458,0.385,9.2983,3.5488,1.5,0.0444,102.38
296.0492,194.3865,314.8605,251.1111,0.2301,0.8797,8.0933,2.5876,1.6944,0.0041,114.2
183.0556,114.9267,197.86,149.4091,0.2411,1.1718,13.2267,2.9212,1.2203,0.2064,175.73
291.0976,174.0369,306.5652,209,0.1985,0.7469,7.4245,3.7471,1.3226,0.039,147.15
282.567,127.0045,283.1875,279.6471,0.2395,0.9093,8.83,2.3002,1.3662,0.0239,153.62
265.6444,129.3156,265.7981,265.129,0.1735,0.9594,11.7352,4.8102,2.1774,0.0516,99.84
364.1039,197.0158,379.0462,283.1667,0.2068,1.0222,9.129,1.6649,1.2419,0.0276,126.535
252.4362,115.5085,234.8525,284.9394,0.1939,1.2782,8.77,4.7035,1.5161,0.0034,150.46
354.2059,194.1949,365.6923,316.875,0.2303,1.0604,9.6462,2.8018,1.7288,0,91.34
299.4248,141.1963,303.1383,281.0526,0.2126,0.8849,9.4861,1.8697,1.5694,0.0488,118.07
340.7807,187.4063,346.225,327.9706,0.181,1.0185,8.044,3.1004,1.8387,0.0176,91.135
299.9474,158.4333,295.1452,321.2143,0.2209,0.6896,7.69,2.9202,1.2881,0.0249,164.815
402.1839,258.634,400.2687,408.6,0.2376,0.6708,8.7338,2.7559,1.4032,0.0117,98.07
231.9536,197.6888,228.7458,236.9342,0.6268,1.1331,10.5862,3.7564,3.2881,0.0935,52.62
468.68,359.4215,465.3103,480.1765,0.2311,0.4184,8.5686,1.3817,2.027,0,63.328
332.1546,167.9912,342.2841,233.1111,0.2099,0.4364,10.7358,2.8491,1.3472,0.0222,132.065
385.5982,227.7665,382.7614,396,0.2456,0.811,10.5722,3.5406,1.8065,0.03,85.415
329.6275,222.9513,344.5,260.2222,0.241,0.918,7.8667,3.7184,1.275,0,146.13
445.8681,344.9578,458.2394,401.95,0.2073,0.6475,13.1175,3.8853,1.4677,0.0013,88.88
253.5,101.8032,253.5844,252.7778,0.236,0.582,10.7037,1.3315,1.1944,0.057,185.55
333.3964,189.7269,314.925,381.0645,0.262,0.9773,8.0256,3.1073,1.5417,0.0302,112.43
261.6024,111.4047,253.2063,288.05,0.2173,1.2446,12.6633,6.4017,1.3387,0.0056,162.715
235.8952,139.0124,213.6351,289.0323,0.186,1.3374,12.9564,4.1623,1.1667,0.0041,209.4
305.2471,170.3268,298.1972,341,0.2052,1.1413,15.0244,3.1514,0.9444,0.0185,203.01
382.069,375.4234,330.575,496.5,0.211,1.3532,7.3433,4.5164,1.5676,0.0912,111.095
273.8043,188.7535,281.8507,252.24,0.229,1.3828,11.4033,4.2515,1.2105,0.1867,144.395
329.9386,193.2984,326.1235,339.303,0.2277,0.9849,10.1408,3.7765,1.8387,0.0124,99.54
414.1406,259.7433,420.0926,382,0.2191,0.509,7.5683,3.0937,1.641,0.0183,86.79
276.3478,138.198,276.4103,276,0.2232,0.8111,9.3736,2.5073,1.2105,0.0232,176.68
288.7952,154.0664,259.3065,375.8571,0.2065,1.0343,8.0333,3.5308,1.3387,0.0022,157.96
274.473,145.3425,275.094,272.129,0.1679,1.4563,10.4836,5.1951,2.5085,0.0901,116.745
310.3829,267.5832,315.5231,295.5333,0.2254,1.3425,11.4168,3.383,2.3026,0.0642,72.75
566.8372,610.3101,561.6,578.9231,0.1999,0.5333,8.5057,3.0386,3.3077,0.0596,28.67
305.4156,174.3776,316.4167,266.5882,0.2182,1.1003,8.0575,2.9094,1.3051,0.0172,148.28
386.3165,230.139,390.1912,362.3636,0.2501,0.4699,9.085,2.5469,1.2742,0.01,124.21
465.6288,471.7743,403.0526,626.2973,0.2136,0.9818,8.5416,2.9937,2.129,0.004,64.48
344.7349,156.6663,347.2923,335.5,0.1865,1.1211,8.3847,3.9349,1.169,0.0072,144.31
334.8571,187.3651,304.7143,395.1429,0.2302,1.0855,8.5525,2.0055,1.7797,0.0161,98.05
288.9216,164.5271,293.7895,274.6923,0.2216,0.9572,7.738,2.5574,1.6452,0.0161,123.3
311.759,178.9697,320.5733,229.125,0.2213,0.5863,10.0408,1.583,1.169,0,164.23
317.74,199.0389,336.8846,249.8636,0.231,1.016,12.0838,0.9898,1.3889,0.027,131.43
355.7143,176.5419,367.6818,311.8333,0.2314,1.0007,7.0967,2.7177,1.5135,0,117.12
715.1649,610.5658,708.3788,729.6129,0.2607,0.7253,12.8629,7.4496,2.4872,0.1554,22.3
356.2647,194.9144,358.4177,348.8696,0.1911,0.8424,11.4593,4.3279,1.6452,0.0353,105.26
191.4925,136.9095,188.2921,197.8222,0.5375,1.2422,10.46,3.0395,2.1613,0.1847,112.06
316.6058,204.3814,322.2262,293,0.214,0.7531,9.5436,1.8162,1.6774,0.0057,111.34
370,251.3034,369.9792,370.0714,0.246,0.8195,9.11,3.1016,1.7222,0.0225,89.84
205.165,126.3168,219.3506,163.1538,0.3118,1.1437,10.2164,5.5108,1.4507,0.1136,169.92
296.0854,164.0523,291.9821,304.9231,0.1711,1.1521,8.242,3.8341,2.05,0.0297,91.61
305.5876,141.5151,302.0617,323.4375,0.2276,0.6309,11.8283,3.1482,1.3662,0.0296,136.89
464.097,386.0225,433.5,532.4902,0.2147,1.075,9.9629,4.4653,2.6613,0.0444,43.57
262.6207,138.8628,273.4074,244.9697,0.1907,1.5754,7.2355,3.0116,1.4032,0.0075,162.31
279.9062,183.0296,283.3871,267.9167,0.2404,1.0816,12.1133,2.1081,2.2222,0.0743,95.975
350.6196,204.5647,356.6232,332.6087,0.2108,1.02,8.3925,1.7974,1.4839,0.013,111.35
246.2235,112.024,233.2969,285.619,0.1734,1.3248,7.8,3.418,1.371,0.0769,187.13
323.099,170.4467,324.1446,318.2778,0.1845,0.6067,8.2565,2.5376,1.3289,0.0098,143.47
355.9558,198.0305,353.3737,374.2143,0.174,0.8088,9.5055,3.3283,1.5915,0.0637,95.87
276.6031,130.9936,267.8161,293.9773,0.1959,1.0315,10.6878,3.5292,1.8194,0.0026,107.17
259.1059,159.7709,278.4483,217.5556,0.2139,1.3497,9.0933,2.1725,1.371,0.0464,164.82
193.5189,79.2012,195.3625,187.8462,0.238,1.2207,9.9338,3.9374,1.493,0.0476,220.1
241.9018,112.9166,249.4574,202.4444,0.1717,1.1202,15.2853,2.5715,1.5556,0.0257,143.835
459.7324,380.8891,450.3585,487.3333,0.2462,1.1646,13.4745,4.8779,1.9189,0.1133,61.56
340.0106,176.7669,350.6912,312.0769,0.2129,0.8829,7.9727,4.2827,1.5161,0.0091,116.19
287.5732,125.9647,282.7424,307.5,0.186,1.0328,9.2711,3.0916,1.3226,0.0472,154.2
466.8028,429.3315,391,647.2857,0.2059,0.6473,13.6722,8.5093,1.9189,0.0321,63.01
252.835,118.6014,259.0682,216.2667,0.2225,0.9173,11.5589,3.1803,1.4306,0.0636,159.985
585.4088,478.8501,577.9785,601.1136,0.2085,0.634,8.312,4.0371,3.7027,0.0367,25.11
350.6434,172.8271,341.2447,375.8857,0.1608,0.8411,7.05,4.0664,1.7917,0,86.9
313.4255,162.1611,306.6125,352.3571,0.2293,0.8327,13.0333,1.7166,1.5161,0.0819,98.94
674.1732,674.9939,720.4519,532.1818,0.1961,0.6776,13.0796,5.023,2.8871,0.0959,17.475
244.7209,110.3448,246.4762,239.913,0.1994,1.3616,9.1913,3.2353,1.2113,0.04,188.33
378.9359,216.9474,381.6316,371.619,0.2213,0.9431,8.0938,4.0825,1.2581,0,127.68
308.7419,125.8955,314.6849,287.05,0.2087,0.8359,11.6967,3.267,1.2917,0.0134,140.87
286.0568,207.9803,300.7361,220,0.2205,0.9688,9.3878,1.8963,1.2222,0.0802,154.4
358.4646,204.266,350.6,377.4483,0.2301,0.973,10.9887,0.7683,1.375,0.0062,113.48
273.6842,173.1673,286.3077,246.3333,0.2049,1.237,12.8225,5.3495,1.4778,0.0651,136.12
291.1852,176.94,272.7059,322.6,0.2293,1.2859,4.816,3.3175,1.4595,0.0461,137.215
244.7465,89.0364,240.6346,256,0.1951,1.3365,8.1054,2.9725,1,0.0837,219.14
293.0563,137.6435,293.1774,292.2222,0.2466,0.8876,9.8664,2.1352,1,0.0292,206.6
521.5932,431.9732,533.011,483.1111,0.1857,0.5995,10.6269,2.6355,2,0.022,55.155
317.8878,163.086,316.4938,324.5294,0.2078,0.924,9.0253,1.7512,1.3611,0.0215,135.21
384.8932,289.0457,393.4167,347.2105,0.2081,0.9591,6.8227,2.3759,1.7458,0.0793,81.35
431.6087,320.1432,433.38,428.7049,0.2516,0.9692,8.3578,6.4221,4.3514,0.0376,23.544
333.0897,192.3474,338.9688,306.2143,0.2231,0.8664,10.097,3.1167,1.2581,0.0068,157.69
305.3642,198.3638,303.3802,309.9808,0.344,0.7312,8.34,2.8912,2.4366,0.0958,69.07
322.6463,164.9135,324.3714,312.5833,0.2187,0.844,10.5233,3.3637,1.3226,0.044,134.095
383.8333,322.6473,371.5385,415.8,0.2378,0.8264,9.37,1.6308,1.9459,0.1,65.8
309.6739,153.4384,298.1235,394.7273,0.2199,0.8486,8.1071,3.8368,1.2778,0.0833,145.075
243.6437,177.6902,234.7746,283,0.2192,1.0268,9.7467,5.5429,1.4746,0.1723,134.7
444.8314,320.3885,457.2523,424.3846,0.1988,0.6222,9.5607,7.2393,4.6486,0.038,26.15
292.8511,140.5205,285.9405,350.9,0.2594,0.492,10.6333,2.557,1.3239,0.0124,158.31
402.3435,306.0596,402.0808,403.1562,0.2402,0.8057,8.6782,3.8193,1.8194,0.0445,78.55
676.1843,568.589,691.1655,646.0139,0.2449,0.8778,8.5364,7.8806,5.425,0.0463,10.73
264.2121,150.6943,256.4255,283.4737,0.2206,1.0526,7.8517,1.4768,1.1186,0.0733,177.13
392.22,191.3377,386.1282,413.8182,0.1974,0.6844,8.198,1.0777,1.3514,0,113.27
261.9467,124.9157,271.5484,216.1538,0.1883,1.1102,10.327,1.8927,1.2712,0.015,175.2
289.8916,171.0446,283.4306,332.1818,0.1618,0.9088,8.4856,3.7758,1.4068,0.037,143.96
538.8545,481.0889,524.2556,604.55,0.2235,0.7799,9.5754,4.8224,1.7742,0.0132,61.18
314.8228,171.4863,311.0462,332.3571,0.1751,0.7522,7.2257,3.8493,1.339,0.0657,133.28
306.8791,187.1623,291.5303,347.4,0.214,0.6687,9.4044,4.1557,2.3333,0.0615,72.41
300.7143,150.3278,304.8108,282.8824,0.2324,0.9803,11.53,2.8027,1.2639,0.0399,165.8
287.046,136.2652,298.0714,241.6471,0.2008,0.8483,10.7833,2.0703,1.2083,0.0645,153.965
337.2045,161.4932,348.2329,283.5333,0.2016,0.856,10.63,1.8978,1.1579,0.0098,153.27
271.5165,143.5781,263.9733,306.875,0.1941,0.8509,11.4554,4.8216,1.4677,0.047,146.63
337.9884,207.9492,342.9718,314.4,0.2064,0.7027,9.6518,2.2824,1.3871,0.0611,121.175
360.0455,217.3121,359.7564,360.75,0.2523,1.052,10.7894,3.7845,1.5278,0.0087,105.93
303.9889,236.1596,317.3582,265.0435,0.2603,0.6681,7.356,2.056,1.5254,0.0238,121.66
598.5631,613.9234,658.7596,498.4182,0.2127,0.7714,9.4579,4.5235,4.7258,0.0468,12.29
331.2,181.1959,327.253,343.3333,0.1992,0.8411,10.4917,2.0849,1.7742,0.0278,95.79
523.9091,286.7539,545.7778,489.1765,0.2007,0.8826,5.7,0,2.3158,0.0228,44.71
296.1875,156.3213,294.1429,303.7647,0.2005,1.2331,9.2364,1.9295,1.2903,0.0312,183.7
294.25,190.8681,279.375,353.75,0.2486,0.6973,9.804,2.274,1.3889,0.0278,130.98
277.1959,142.0185,272.0274,292.9167,0.2434,1.1349,9.994,3.666,1.3472,0.0129,148.71
233.4019,105.1558,234.2025,231.1429,0.2277,1.071,13.3345,4.9385,1.1889,0.0093,211.27
247.5846,95.5548,246.98,249.6,0.2298,1.2183,9.9512,3.2118,1.0484,0.0118,206.63
361.2553,176.6584,362.5714,355.2941,0.1912,0.8592,9.6792,2.2634,1.5161,0.0263,105.59
261.5733,128.5021,252.6452,304.1538,0.2453,0.7764,8.6811,3.8899,1.2097,0.0141,181.82
479.3571,412.8718,443.7255,575,0.2254,0.938,6.012,2.694,1.8919,0.0492,69.635
414.032,344.9205,358.686,536.0769,0.2622,0.9903,9.4833,6.1171,3.3784,0.0934,49.23
276.2258,154.8397,279.8901,266.1212,0.2781,0.9403,9.7762,3.1378,1.7222,0.0431,114.71
265.9885,135.6106,270.8636,250.6667,0.2193,0.907,8.4723,2.2791,1.4032,0.0257,147.505
349.2807,206.1406,367.4091,287.9231,0.2188,0.4071,6.6229,2.3068,1.4615,0.0289,114.17
290.0185,131.9708,283.0617,310.8889,0.1959,0.8394,10.78,1.0596,1.5211,0.0072,134.74
198.9106,140.6677,206.4054,187.5918,0.4692,0.9067,6.4343,3.2843,1.9839,0.1169,132.9
328.8406,155.1444,337.7119,276.5,0.2007,0.5332,9.0514,1.497,1.1129,0,160.005
340.9016,207.5738,327.122,369.15,0.2639,1.484,8.14,4.3719,1.0339,0.005,179.45
290.0562,157.8512,291.4625,277.5556,0.2645,0.7666,9.3242,3.8914,1.2535,0.0151,161.79
341.1127,198.9673,345.1809,333.1458,0.2011,1.4234,10.97,3.171,2,0.0233,88.42
326.3976,163.3255,336.5909,286.8235,0.242,0.8432,9.75,1.3554,1.1528,0.0262,150.16
245.8144,132.005,239.641,271.1579,0.2923,0.83,9.1858,2.3122,1.3662,0.0772,168.31
377.6932,196.3796,394.1781,297.4667,0.2105,1.0126,9.6955,3.1449,1.2394,0.0215,112.69
391.1475,264.8784,396.7317,379.7,0.1833,0.9922,7.9883,0.903,0.9839,0.0053,161.215
227.5362,123.0378,232,210,0.211,0.4374,7.7833,1.2028,1.7692,0.1871,132.65
293.8395,140.691,282.5231,339.8125,0.2026,1.1895,9.4644,3.4852,1.125,0.0138,160.97
296.169,170.8329,294.2712,305.5,0.2176,1.1913,8.959,3.3469,1.2034,0.0556,149.1
293.3409,161.8741,292.0833,299,0.1822,0.9954,10.2862,3.954,1.4194,0.0087,140.06
764.9014,532.2021,746.0377,820.4444,0.2628,1.0946,7.8467,1.5199,1.9189,0.0161,37.39
383.4953,230.7837,398.321,337.3077,0.1917,0.5983,10.375,2.9695,1.7258,0.0223,87.22
355.3243,257.0785,369.1739,164.2,0.2059,0.8075,11.145,0.724,1.0278,0,162.715
266.1875,134.9011,275.1692,227.2667,0.1912,1.0502,10.056,3.1118,1.1268,0.0297,194.7
274.907,149.869,277.3125,267.9091,0.2422,1.2628,12.2329,3.831,1.4022,0.0176,144.665
259.9882,120.5556,260.9839,257.3043,0.2276,1.4515,7.6127,1.8198,1.371,0.0292,147.465
381.1831,270.0915,382.3962,377.6111,0.2211,1.0823,9.9657,4.2191,1.9189,0.0039,85.04
463.4953,311.3507,442.7821,519.2069,0.2532,0.7335,9.2922,3.0943,1.7258,0.0099,77.55
352.6849,232.3008,359.4286,333.9524,0.2389,0.9103,12.7114,6.4583,2.6444,0.0586,58.85
311.0721,190.1645,293.4026,351.0882,0.2351,1.0292,7.3738,4.1479,1.7903,0.0126,103.87
275.8539,122.8644,260.7714,331.4211,0.2145,0.971,10.3513,3.1236,1.4355,0.0101,151.635
246.9189,171.3109,233.2289,287.5,0.2175,1.4619,10.092,5.1937,1.5634,0.1092,184.42
271.9857,155.6116,263.5439,309,0.2071,0.6708,8.9512,1.2117,1.1864,0.0682,190.53
305.597,190.6612,261.9592,424.3889,0.1981,1.0716,8.4115,1.8399,1.0806,0.0391,175.72
340.013,220.1885,334.0923,372.0833,0.1984,0.8176,7.52,3.4276,1.3051,0.0016,127.955
234.7955,93.6901,232.9385,240.0435,0.1905,1.136,7.1777,3.5195,1.4194,0.0131,192.3
300.4624,160.6359,306.9189,275.3158,0.1878,1.389,11.219,3.8134,1.2917,0.0391,143.425
400.8983,268.1476,412.0851,357.0833,0.2124,0.4762,8.2683,1.2787,1.5128,0,102.165
355.0083,300.9932,324.8495,458.8889,0.2004,1.0803,7.3644,4.1536,1.9355,0.0359,82.06
255.8611,187.0095,255.3922,257,0.2189,1.3998,9.879,2.7168,1.1613,0.1984,164.775
335.6471,232.7834,330.5,344.7442,0.3153,0.8419,9.7345,2.7139,3.2162,0.062,54.37
310.8468,198.7401,305.8068,330.1304,0.2322,0.6926,6.326,3.2152,1.7903,0.0651,100.38
300.3875,159.2422,311,240.25,0.2118,0.7192,12.891,4.281,1.2903,0.0277,152.72
348.6022,206.915,355.4074,302.6667,0.2231,0.695,6.8614,4.4049,1.5,0.0856,105.51
321,156.4682,303.475,374.9231,0.2031,0.9871,9.1,3.3236,1.493,0.0131,120.59
305.7162,179.1187,318.7619,231,0.1968,0.5923,6.25,2.9115,1.1935,0.0205,173.18
258.0132,194.741,243.6,343.1818,0.2013,0.8621,8.8007,3.1618,1.2881,0.0778,165.95
246.338,102.7016,235.8235,273.15,0.2332,1.2145,7.6627,2.0964,1.1452,0,201.14
295.646,184.8529,284.375,359.2941,0.2015,0.9153,13.0758,5.7736,1.2556,0.0094,165.64
242.4661,108.935,242.3152,243,0.2643,1.1746,12.2055,5.1462,1.2826,0.0611,185.485
358.9902,269.7743,363.6707,339.8,0.2049,0.8508,9.3008,3.9608,1.6452,0.0123,94.63
368.8068,220.1937,362.6833,381.9286,0.4152,0.9126,6.5367,2.2371,1.4915,0.0487,104.13
255.0976,139.8334,262.717,241.1724,0.2395,1.4525,9.8344,3.8744,1.3898,0,173.05
296.37,146.0958,297.1642,294.7576,0.2224,0.9179,9.2154,4.3627,1.6129,0.01,119.445
342.8784,198.9075,344.9375,329.7,0.288,0.6008,8.986,1.9004,1.1935,0.0552,135.18
640.9896,569.6559,654.7353,607.6071,0.2131,0.6021,8.14,0.9912,2.4615,0.0512,30.3
274.0098,162.5183,285.8261,249.303,0.2259,0.8534,7.945,2.7248,1.4366,0,153.9
593.8073,589.2957,575.6533,633.8529,0.2084,0.9505,7.772,2.7569,2.9459,0.0132,30.84
385.6566,233.1902,369.9706,420.0645,0.2084,0.9338,8.2645,3.266,1.5968,0.0169,92.5
346.0563,181.7396,361.2,263.4545,0.2575,0.782,9.255,3.3831,1.1452,0.006,147.38
310.8333,117.1077,297.8235,327.8462,0.1823,0.905,0,0,1.5789,0,144.32
312.8235,190.9016,324.4259,268.0714,0.2057,0.8681,10.0529,0.7277,1.0968,0.0331,174.94
297.2366,154.7127,305.5625,246,0.2419,0.7976,9.5115,3.0383,1.3099,0.0034,142.81
336.15,205.0612,347.8101,292.2857,0.2555,0.7694,10.5442,1.8522,1.3889,0.0132,118.46
276.4079,142.5296,268.0984,310.2,0.2149,1.2067,10.1333,2.9272,1.0704,0.0034,188.01
551.7273,428.1799,556.8906,526.3077,0.2169,0.4417,7.5689,2.2879,1.9744,0.0169,52.49
249.878,142.3665,264.4831,212.413,0.1971,1.4673,11.2739,5.5245,2.2778,0.068,91.8
369.5664,214.367,381.2824,334,0.2086,0.8004,10.1583,3.0584,1.5694,0.0275,101.87
303.1628,169.6996,319.0448,247.1579,0.1942,0.8113,7.63,3.3762,1.1944,0.0322,153.355
303.5907,210.9216,295.9,325.9636,0.3157,0.9335,12.6327,4.3548,2.3889,0.0933,69.58
330.9175,190.8222,330.1463,335.1333,0.26,0.5789,8.0164,2.2638,1.3472,0,134.025
336.1616,176.9901,340.6447,321.3478,0.2052,0.9547,9.5023,3.0162,1.375,0,123.88
305.2816,158.3387,297.1375,333.6087,0.2195,0.9525,10.5612,1.1751,1.4507,0.0157,130.67
355.4034,224.9165,351.404,375.2,0.1885,0.4206,9.3767,2.7718,2.0169,0.0095,89.71
407.6275,270.9369,414.8608,382.7826,0.2725,0.7201,8.902,1.2656,1.6452,0.0226,81.575
300.5,164.359,319.7581,246.2273,0.2311,1.1419,10.0067,2.4193,1.1831,0.0145,166.93
241.1111,114.3232,254.8525,199.2,0.2079,1.3906,9.4023,2.2453,1.3065,0.0194,171.805
226.5444,97.4787,234.8,205.08,0.2571,1.3531,9.0208,3.6075,1.2676,0.0074,190.445
367.5618,193.0285,358.6714,400.3158,0.2147,0.8818,8.8047,2.2373,1.5085,0.0164,99.6
487.6567,330.8324,489.1746,463.75,0.2318,0.5287,9.106,2.2044,1.1356,0.0107,102.44
1955.48,1896.6685,1967.8966,1938.3333,0.2468,0.6437,2.7,0,2.6316,0.0104,5.64
307.9231,159.7341,292.0897,402.9231,0.2073,0.5586,9.8187,3.2914,1.2639,0.0302,149.9
268.9457,131.5575,274.8919,244.5,0.1855,0.9531,9.2543,3.0309,1.4839,0.0504,146.57
276.6979,203.177,284.9342,245.4,0.1995,1.083,12.0445,4.7961,1.3333,0.0191,158.26
298,141.7503,298.1343,297.3571,0.2038,1.2426,11.7957,9.0952,1.3729,0.0281,127.18
306.1905,149.5683,304.9041,314.7273,0.2039,0.6507,10.356,2.5573,1.1667,0.0132,174.12
256.1842,136.5137,255.2842,260.6842,0.2546,0.8898,10.5056,2.6003,1.6056,0.0129,144.75
299.3171,157.0301,300.697,293.625,0.232,0.8481,7.41,1.8726,1.3898,0.0501,134.73
223.7368,124.3131,226.2778,215.7826,0.2176,1.2267,11.0167,4.985,1.5323,0.0084,169.71
105.2651,73.0964,110.188,93.5102,0.3946,1.1828,8.434,2.2431,2.338,0.3362,144.84
588.2887,470.8742,581.4464,613.8333,0.1911,0.7968,9.8373,1.2754,1.9722,0.0387,47.14
278.3034,133.2507,278.8933,275.1429,0.2163,0.653,10.0031,3.5033,1.5085,0.0925,122.92
815.9219,734.2122,802.7033,848.4324,0.2395,0.6986,8.506,2.5123,3.2,0.0271,17.225
273.2119,109.0087,273.7532,272.1951,0.2018,1.3367,13.5845,2.9664,1.3111,0.0142,160.99
290.8118,165.4107,301.9615,273.2424,0.2015,1.3133,7.568,1.9024,1.4407,0.0282,131.66
269.9595,110.5071,277.2456,245.5294,0.2195,1.0372,8.851,2.6708,1.1935,0.0321,183.47
335.7733,237.661,323.2212,374.1081,0.1939,0.8139,9.82,3.1657,2.0833,0.1504,70.75
284.3404,123.3934,292.5783,222.1818,0.1987,0.6375,10.1975,3.0003,1.3056,0.0077,155.525
93.1325,48.931,92.5942,95.7857,0.5082,1.188,6.4313,4.8775,1.1528,0.6051,170.98
495.4898,383.1348,480.028,536.85,0.1842,0.6413,9.4342,2.5885,2.371,0.0075,41.38
444.2763,217.4787,468.5714,326.5385,0.2029,0.6822,9.55,1.7047,1.9487,0.0252,88.65
386.0147,179.8177,393.7288,335.4444,0.1981,0.5658,7.6956,2.1029,1.1525,0.006,134.19
313.266,166.0769,325.3553,262.2222,0.1784,1.0574,9.9637,1.7009,1.3239,0.0098,136.06
405.1056,274.9563,421.8182,369.0588,0.2242,0.6219,11.1218,3.072,2.2676,0.0155,59.35
284.4848,145.7219,281.9492,305.8571,0.1886,0.9108,8.152,3.7184,1.0645,0.0688,187.41
292.9318,127.1724,299.3529,271.1,0.1891,1.1931,5.9837,2.8901,1.1,0.0599,189.27
250.2667,111.5057,251.3256,247.5882,0.2845,1.4559,10.1257,6.2137,1.6216,0.0447,174.9
284.6912,186.3815,274.81,312.1389,0.2582,0.8189,10.2136,2.3361,1.8889,0.0101,106.86
354.4691,235.2255,359,328.4167,0.2448,0.5401,10.865,5.2732,2.1892,0.0615,77.815
300,166.0918,321.6944,260.95,0.3241,1.1494,5.2425,2.1512,1.5135,0,130.91
362.9241,229.9563,336.7755,417.4468,0.2719,0.7638,11.2957,6.1887,2.3387,0.0265,63.97
294.0455,154.3885,292.8933,300.6923,0.2236,0.7972,9.1417,3.5534,1.2222,0.0131,161.73
240.8667,163.4868,237.6667,277.6667,0.2027,0.826,9.5447,2.5846,1.0563,0.0786,217.46
256.1154,134.864,265.7937,215.4667,0.2101,1.3621,9.245,5.0902,1.0833,0.0268,206.125
316.1758,152.183,318.8158,302.8,0.1927,1.0184,9.7373,4.0184,1.2817,0.0414,138.015
255.7875,127.9768,253.913,267.5455,0.2455,1.0504,10.6267,3.0151,1.1111,0.07,207.6
418.5056,327.6262,414.0139,437.5294,0.254,0.7536,10.6775,5.1113,1.5085,0.0258,97.44
380.9845,270.2559,395.1856,337.9375,0.2171,0.7043,10.5524,2.2653,2.0806,0.0717,72.24
266.4948,144.8355,290.2817,201.5385,0.2512,0.9067,9.3663,3.7403,1.5645,0.083,140.08
348.0515,240.5558,348.0241,348.2143,0.247,0.4605,9.1667,1.9152,1.6441,0.1546,98.11
363.9873,227.038,372.0328,336.7222,0.219,0.8282,8.1137,2.1312,2.1351,0.0335,79.15
361.785,170.7001,342.9036,427.0833,0.223,0.859,9.7665,4.6165,1.7258,0.0051,111.33
326.6222,239.5695,290.8154,419.72,0.1831,1.1773,9.2689,2.789,1.1842,0.0333,146.63
307.2617,181.2968,310.1739,289.4,0.1973,0.6467,9.5908,3.5765,1.4079,0.0566,123.355
241.5437,130.2674,237.7952,257.1,0.1793,1.0922,12.8718,5.243,1.1196,0.0378,209.38
308.1648,177.6009,306.9194,310.8276,0.2109,1.0874,7.8383,1.9001,1.5424,0.0113,123.69
402.3455,239.8314,415.102,298.1667,0.2358,0.7174,7.5025,2.681,0.8871,0,182.33
301.5632,147.7188,305.863,279.1429,0.2172,0.7714,9.9725,3.3509,1.2254,0.0695,150.53
361.193,187.0295,346.3256,406.8571,0.1984,0.9114,6.9171,2.1141,1.5405,0,108.03
215.4647,117.1014,213.1416,220.0702,0.2979,1.2317,15.8825,7.3916,1.8889,0.1765,114.74
259.2105,129.556,268.4062,210.1667,0.2425,0.9191,10.0692,3.0727,1.0556,0,244.975
977.5321,984.5086,1156.0968,741.9787,0.2107,0.7515,16.4292,6.7767,5.7368,0.0843,9.585
351.2432,185.3041,351.8,348.8571,0.2234,0.6827,12.4055,5.5533,1.1935,0,137.93
329.0505,206.8142,298.0395,431.5217,0.2361,0.8956,9.4915,4.1998,1.5968,0.0678,101.92
319.3644,208.4681,283.3333,398.2432,0.2594,0.8882,8.5892,2.0192,2,0.0061,95.72
510.1734,412.4994,513.3468,502.1429,0.2597,0.7141,11.6,2.5855,2.7903,0.0311,41.19
336.0154,147.5499,345.4528,294.3333,0.2102,0.899,8.0933,2.4664,1.1017,0.0184,166.11
262.5395,175.0842,261.6667,265.8125,0.1772,1.2566,8.7937,1.3638,1.2258,0.0321,158.48
304.3816,188.2212,280.4386,376.2105,0.2126,0.8487,8.7917,1.1695,1.2881,0.0411,138.815
231.1579,106.4502,227.434,280.5,0.154,0.9882,10.8209,3.0462,0.7917,0.0133,293.39
339.4851,181.7469,332.2222,357.5172,0.1734,1.0454,8.1514,2.3008,1.4225,0.0018,119.9
378.9651,250.29,380.3784,370.25,0.2031,0.7118,9.71,3.7239,1.3871,0.0261,108.695
336.4848,188.7826,328.2375,371.2105,0.2178,0.7797,10.9053,4.0573,1.3944,0.0345,124.095
382.6292,335.2965,395.4026,300.6667,0.2078,0.7641,10.6167,2.322,1.4355,0.0132,105.1
341.1864,205.6776,346.4222,324.3571,0.2292,0.8264,6.7763,2.4113,1.5128,0.0031,133.18
343.2418,202.9435,329.2,378.3462,0.2208,1.2469,8.541,2.7094,1.4677,0.0053,112.92
356.2841,242.7193,352.6349,365.48,0.2973,0.9639,9.9471,5.2337,2.2,0.0241,72.535
300.9516,168.8689,297.2979,312.4,0.2231,1.1015,8.4386,1.9993,1.5897,0.0116,132.88
262.7727,161.0187,272.9412,228.2,0.2045,1.049,8.1167,3.9844,1.6923,0.143,123.22
260.4433,144.7401,265.2667,252.6216,0.2046,1.4227,8.8327,1.9511,1.6441,0.0048,128.11
333.1389,176.3931,340.9206,278.6667,0.2019,0.4512,8.3318,2.3702,1.2203,0,141.87
451.625,462.9363,458.9787,441.1515,0.2822,0.7295,7.63,1.5918,2.1622,0.1353,92.79
291.4321,130.6359,302.254,253.5556,0.2254,0.7907,9.3245,1.2237,1.3065,0.0157,153.46
323.3218,185.4017,323.2917,323.4667,0.2484,0.8697,11.2644,0.9268,1.2083,0.0118,150.16
301.5851,166.2424,324.9718,229.3913,0.2679,0.8725,12.883,1.652,1.3056,0.008,148.15
517.4375,466.8536,521.0079,504.2059,0.2447,0.6304,9.7791,1.7988,2.2222,0.0143,45.195
414.0413,276.6917,428.3267,341.9,0.2189,0.6101,11.96,2.1922,1.6806,0.0423,77.73
508.0137,360.0569,523.5962,469.4286,0.211,1.0188,6.955,1.1401,1.973,0.0496,60
533.0403,504.6414,501.7524,705.9474,0.2181,0.5014,10.2425,2.05,2,0.1066,46.505
350.7949,218.512,346.5606,374.0833,0.2354,0.6348,8.2127,2.7168,1.322,0.0382,115.55
312.7321,165.6901,317.1304,292.5,0.213,0.9055,10.1487,3.2903,1.5556,0.042,114.96
291.8077,135.826,289.5429,296.4706,0.2973,1.3155,6.7575,0.8243,1.3333,0.0089,150.615
273.8939,151.3361,263.5091,325.8182,0.2347,1.1896,8.5609,3.3844,1.1186,0.0267,193.23
366.9276,211.3353,365.9815,369.25,0.3159,0.7583,13.8362,3.7872,1.6889,0.0196,93.6
331.5294,155.5161,328.6222,353.3333,0.1827,1.0848,9.375,3.2654,0.8226,0,215.53
334.2079,160.1074,332.8391,342.7143,0.1944,0.7587,10.4827,2.8785,1.4028,0.0191,124.32
251.8396,113.6095,256.3548,219.5385,0.2288,1.0939,12.4473,5.2102,1.1522,0.1352,196.37
349.8864,162.0608,355.3243,321.1429,0.2093,0.7155,8.9464,1.9648,1.4194,0,124.355
271.9101,149.5187,280.3662,238.5556,0.2116,1.1371,9.4169,3.718,1.2535,0.003,171.5
322.63,158.8521,323.2706,319,0.195,0.9074,10.0631,2.4823,1.3889,0.0532,130.56
308.0101,156.3262,318.7895,272.3913,0.1842,1.0066,11.0312,1.7968,1.375,0.0037,132.31
444.7091,302.9439,451.7143,422.0769,0.2356,1.0194,7.49,0.4403,1.375,0.0232,98.675
378.8302,210.3792,393.093,317.5,0.2225,0.9609,6.2771,2.8976,1.4324,0.0027,119.87
331.949,347.2669,333.8339,328.9471,0.2816,0.7583,7.2006,3.8637,8.3051,0.1509,9.31
250.1545,121.5569,254.0897,240.5625,0.2167,1.1193,9.1833,4.1643,1.7742,0.0201,129.175
384.2677,268.434,377.8977,398.641,0.2422,0.6966,10.9182,2.0084,2.0484,0.0929,59.635
362.2712,188.5127,346.619,400.9412,0.2205,0.6952,7.6,3.2193,1.475,0.0172,110.7
306.881,168.6647,318.0667,213.6667,0.1954,0.8601,10.6456,2.2122,1.1667,0,163.47
354.8333,187.3578,345.197,381.3333,0.2232,0.9467,10.9512,3.8607,1.4516,0.002,109.445
246.6,111.3172,258.3214,219.25,0.3664,1.1178,8.96,2.2154,1.0526,0.0318,224.39
314.4151,207.432,321.6341,289.75,0.2258,1.0157,7.298,1.2207,1.359,0,151.55
382.3333,274.7539,381.7556,384.5,0.2417,0.7824,8.2178,1.9906,1.8387,0.0417,80.585
275.8081,136.9933,276.8088,273.6129,0.2051,1.0892,7.921,2.4845,1.678,0,126.14
342.6372,214.1114,315.3133,418.2333,0.2628,1.0487,8.2962,4.5678,1.8226,0.0092,96.01
312.7176,217.6222,316.4677,302.6087,0.2236,0.8524,8.6913,2.0638,1.371,0.0318,132.77
286.5047,151.3818,294.6579,266.5161,0.2184,1.1505,10.984,1.1224,1.4861,0.028,127.955
249.7143,130.3407,259.9615,209.75,0.2297,1.0979,14.1167,3.2329,1.2895,0.0152,176.85
244.8367,161.0074,255.7674,166.5,0.2258,0.6912,12.3338,2.1902,1.3611,0.1258,147.24
570.5169,487.3769,570.131,571.4706,0.2347,0.904,6.6678,2.48,3.1892,0.0362,29.81
324.0984,179.931,334.1176,273,0.2384,1.0349,10.302,6.4366,0.9839,0.0092,205.16
343.0345,212.38,342.4276,344.8431,0.2803,0.8879,11.4319,3.6679,2.2065,0.0856,65.88
515.2273,277.9688,534.5714,481.375,0.24,1.1731,26.2,0,1.1579,0.0047,104.4
272.3448,162.5411,284.0714,224.0588,0.1998,1.2239,10.3425,2.8172,1.2083,0.0553,168.645
341.1795,211.452,328.0667,384.8889,0.2132,0.6222,10.136,1.6078,1.5395,0.0102,114.63
392.8046,235.312,417.058,299.8333,0.2472,0.4604,8.3655,1.9263,1.4746,0.0273,100.23
308.1538,154.2853,305.0408,317.6875,0.1723,0.7094,7.785,1.307,1.1017,0.0217,156.88
384.2,267.1641,361.875,473.5,0.3103,1.2277,0,0,1.5789,0.1645,88.955
360.6119,172.6098,358.7636,369.0833,0.1675,0.7625,9.116,2.3258,1.0806,0,156.96
294.4828,156.2022,287.7273,315.7143,0.2136,1.1425,8.107,1.2849,1.4032,0,147.74
349.475,191.4969,334.6667,404.3529,0.1978,1.1925,7.2378,2.3814,1.3559,0.0327,120.57
351.2617,202.853,347.6742,369,0.184,1.076,12.4644,5.8631,1.4861,0.0355,112.85
385.5753,265.9687,401.5556,340.1579,0.2975,0.9438,9.352,4.8448,1.8718,0.0516,81.22
265.5543,159.6644,252.5075,300.52,0.2335,0.8669,10.3025,1.203,2.3,0.1062,82.325
267.1463,171.2022,266.5102,268.7586,0.2089,1.1984,15.3983,5.1566,2.2778,0.0831,89.42
383.624,224.857,384.8632,379.7,0.1886,0.983,8.538,5.6236,2.0161,0.0516,84.62
231.0737,126.3051,229.2647,235.6296,0.2622,1.2985,10.9343,2.5019,1.338,0.1201,164.73
266.0548,121.7897,265.875,266.6471,0.2903,1.2952,9.2945,2.5436,1.1774,0.0053,180.76
387.6848,284.91,386.1029,392.1667,0.2678,0.9788,10.6944,4.3477,2.359,0.0413,57.82
302.3913,170.8741,298.8529,312.4167,0.269,0.8817,7.6845,2.8804,1.4839,0.0156,133.72
264.3802,136.9536,262.3267,274.75,0.1779,0.9467,10.473,2.0316,1.7042,0.0503,117.71
356.8137,226.4431,368.2632,323.3462,0.2376,0.6788,9.341,4.2633,1.3421,0,122.64
318.9524,162.0986,326.3947,299.4483,0.2109,1.1465,8.7767,1.7234,1.4789,0,115.42
333.3293,199.5703,334.6825,328.8421,0.2623,0.6031,8.6962,2.6532,1.3226,0.0099,131.2
324.6383,167.508,337.9114,254.7333,0.2376,0.7525,9.47,3.077,1.3056,0.0319,135.63
490.9744,276.0558,469.9,528.6071,0.1931,0.9638,6.982,3.0278,1.95,0,66.07
269.6234,138.0194,267.9844,277.6923,0.279,1.1921,8.2709,2.9039,1.0132,0.0924,213.73
266.5856,179.3537,252.6512,314.52,0.3319,0.8005,10.382,2.8958,1.5417,0.0505,132.17
304.8293,174.3285,306.2329,293.4444,0.2813,0.6981,7.557,4.3832,1.3898,0.0528,133.49
317.2935,136.008,316.5063,322.0769,0.2073,0.5239,9.575,3.1166,1.2778,0.0022,148.25
282.0673,130.4628,282.6667,279.9565,0.196,0.8576,13.2494,6.1087,1.6774,0.0316,138.525
311.6702,173.5168,313.36,305,0.2049,0.8181,11.0292,4.7686,1.5932,0.0109,123.08
562.7018,490.6509,508.2027,677.9286,0.2002,0.7665,9.6486,2.4191,3.5161,0.0167,22.15
295.0357,140.5148,301.2838,248.8,0.2064,0.7661,9.1167,3.5185,1.3548,0.0404,152.435
260.4388,127.7799,260.9167,259.1154,0.2055,0.9258,11.5443,0.653,1.3611,0.0091,164.76
369.8065,214.7567,365.8246,415.2,0.2027,0.8331,8.7091,2.7557,1,0.0099,161.14
418.4455,356.0847,447.641,347.2812,0.2345,0.6792,11.1625,6.1672,2.973,0.0717,43.96
267.0385,128.1654,267.7833,264.5556,0.2149,1.3262,11.1854,3.2822,1.0833,0.0541,193.68
350.7213,171.8475,360.5102,310.75,0.1943,0.8529,9.69,4.5655,1.5641,0.0245,112.99
356.3077,243.0087,367.7308,287.7692,0.227,0.7694,9.6121,3.4005,1.2639,0.0074,140.08
463.1493,330.5596,490.5091,337.75,0.2218,0.5721,7.028,2.3156,1.8108,0.0282,71.585
389.6111,293.6062,373.369,446.4583,0.2038,0.9904,8.9267,2.9988,1.8305,0.0141,85.69
269.3,130.6283,267.3289,280,0.1908,1.0273,11.4761,2.8909,1.1842,0.0075,190.275
